{
"meta":{"test_sets":[],"test_metrics":[],"learn_metrics":[{"best_value":"Min","name":"Logloss"}],"launch_mode":"Train","parameters":"","iteration_count":1000,"learn_sets":["learn"],"name":"experiment"},
"iterations":[
{"learn":[0.6718253526],"iteration":0,"passed_time":0.05401897848,"remaining_time":53.9649595},
{"learn":[0.6524159639],"iteration":1,"passed_time":0.06014215975,"remaining_time":30.01093771},
{"learn":[0.6358989684],"iteration":2,"passed_time":0.06643779248,"remaining_time":22.07949304},
{"learn":[0.6229223216],"iteration":3,"passed_time":0.07307463676,"remaining_time":18.19558455},
{"learn":[0.6099099905],"iteration":4,"passed_time":0.07996219064,"remaining_time":15.91247594},
{"learn":[0.5983120612],"iteration":5,"passed_time":0.08597721074,"remaining_time":14.24355791},
{"learn":[0.5882267925],"iteration":6,"passed_time":0.09290967237,"remaining_time":13.17990067},
{"learn":[0.5796788608],"iteration":7,"passed_time":0.09976426148,"remaining_time":12.37076842},
{"learn":[0.571388383],"iteration":8,"passed_time":0.1058890916,"remaining_time":11.65956553},
{"learn":[0.5646409835],"iteration":9,"passed_time":0.1120331163,"remaining_time":11.09127851},
{"learn":[0.5579538601],"iteration":10,"passed_time":0.1188604209,"remaining_time":10.68663239},
{"learn":[0.5522560513],"iteration":11,"passed_time":0.1258345405,"remaining_time":10.36037717},
{"learn":[0.5468401204],"iteration":12,"passed_time":0.1327167198,"remaining_time":10.07626172},
{"learn":[0.5423394999],"iteration":13,"passed_time":0.1395167358,"remaining_time":9.825964396},
{"learn":[0.5386139455],"iteration":14,"passed_time":0.1459926644,"remaining_time":9.58685163},
{"learn":[0.5344160423],"iteration":15,"passed_time":0.1529169729,"remaining_time":9.404393831},
{"learn":[0.5307248211],"iteration":16,"passed_time":0.159492675,"remaining_time":9.222429384},
{"learn":[0.5274798612],"iteration":17,"passed_time":0.1658697332,"remaining_time":9.049115447},
{"learn":[0.524241451],"iteration":18,"passed_time":0.171806268,"remaining_time":8.870628889},
{"learn":[0.5214685174],"iteration":19,"passed_time":0.1786560649,"remaining_time":8.754147178},
{"learn":[0.5187264628],"iteration":20,"passed_time":0.1848155319,"remaining_time":8.615924081},
{"learn":[0.516289506],"iteration":21,"passed_time":0.1917142663,"remaining_time":8.522570565},
{"learn":[0.5142100006],"iteration":22,"passed_time":0.197822322,"remaining_time":8.403148201},
{"learn":[0.5119784799],"iteration":23,"passed_time":0.2041096528,"remaining_time":8.300459213},
{"learn":[0.509679935],"iteration":24,"passed_time":0.210498686,"remaining_time":8.209448753},
{"learn":[0.5078079991],"iteration":25,"passed_time":0.2166067361,"remaining_time":8.114421576},
{"learn":[0.5059186897],"iteration":26,"passed_time":0.2236434588,"remaining_time":8.059447606},
{"learn":[0.5040098482],"iteration":27,"passed_time":0.2308904643,"remaining_time":8.015197545},
{"learn":[0.5025013267],"iteration":28,"passed_time":0.2376231459,"remaining_time":7.956278438},
{"learn":[0.5010526756],"iteration":29,"passed_time":0.2439780663,"remaining_time":7.888624143},
{"learn":[0.499429041],"iteration":30,"passed_time":0.2509864604,"remaining_time":7.845350971},
{"learn":[0.4981571978],"iteration":31,"passed_time":0.2574080399,"remaining_time":7.786593208},
{"learn":[0.4970086349],"iteration":32,"passed_time":0.2635217864,"remaining_time":7.721986891},
{"learn":[0.4953274861],"iteration":33,"passed_time":0.270596618,"remaining_time":7.688127441},
{"learn":[0.4942651546],"iteration":34,"passed_time":0.2766015192,"remaining_time":7.62629903},
{"learn":[0.4929508277],"iteration":35,"passed_time":0.2835936205,"remaining_time":7.594006949},
{"learn":[0.4919426811],"iteration":36,"passed_time":0.2897097894,"remaining_time":7.54028452},
{"learn":[0.490671203],"iteration":37,"passed_time":0.2967578046,"remaining_time":7.512658106},
{"learn":[0.4897302046],"iteration":38,"passed_time":0.3034805586,"remaining_time":7.478072226},
{"learn":[0.4888844179],"iteration":39,"passed_time":0.3105362789,"remaining_time":7.452870695},
{"learn":[0.4881260914],"iteration":40,"passed_time":0.3170153493,"remaining_time":7.41506634},
{"learn":[0.487317198],"iteration":41,"passed_time":0.322972537,"remaining_time":7.366849772},
{"learn":[0.4862851914],"iteration":42,"passed_time":0.3292506001,"remaining_time":7.327740099},
{"learn":[0.4853122252],"iteration":43,"passed_time":0.3366015386,"remaining_time":7.313433429},
{"learn":[0.4844680271],"iteration":44,"passed_time":0.3437012354,"remaining_time":7.294103996},
{"learn":[0.4839069588],"iteration":45,"passed_time":0.3502064598,"remaining_time":7.262977448},
{"learn":[0.4833015929],"iteration":46,"passed_time":0.3570218094,"remaining_time":7.239186901},
{"learn":[0.4826156506],"iteration":47,"passed_time":0.363998886,"remaining_time":7.219311238},
{"learn":[0.4820796295],"iteration":48,"passed_time":0.3697130885,"remaining_time":7.175451982},
{"learn":[0.4814451545],"iteration":49,"passed_time":0.3757715546,"remaining_time":7.139659538},
{"learn":[0.4809725426],"iteration":50,"passed_time":0.3820382524,"remaining_time":7.108907873},
{"learn":[0.4803787643],"iteration":51,"passed_time":0.3880137106,"remaining_time":7.073788416},
{"learn":[0.4798856019],"iteration":52,"passed_time":0.3938254625,"remaining_time":7.036843642},
{"learn":[0.4792021571],"iteration":53,"passed_time":0.4007381736,"remaining_time":7.020339116},
{"learn":[0.4776646316],"iteration":54,"passed_time":0.4077936964,"remaining_time":7.006637146},
{"learn":[0.4771465649],"iteration":55,"passed_time":0.4139335032,"remaining_time":6.977736197},
{"learn":[0.4766435476],"iteration":56,"passed_time":0.4204170442,"remaining_time":6.955320573},
{"learn":[0.476323709],"iteration":57,"passed_time":0.4264447049,"remaining_time":6.926050206},
{"learn":[0.4760152632],"iteration":58,"passed_time":0.433454207,"remaining_time":6.913227267},
{"learn":[0.4756999794],"iteration":59,"passed_time":0.4394994045,"remaining_time":6.885490671},
{"learn":[0.4753690527],"iteration":60,"passed_time":0.4452637886,"remaining_time":6.854142582},
{"learn":[0.4748996609],"iteration":61,"passed_time":0.4512532619,"remaining_time":6.827025156},
{"learn":[0.474428552],"iteration":62,"passed_time":0.4589614407,"remaining_time":6.826140792},
{"learn":[0.4740828319],"iteration":63,"passed_time":0.4654777928,"remaining_time":6.807612719},
{"learn":[0.4735806617],"iteration":64,"passed_time":0.4715928401,"remaining_time":6.783681622},
{"learn":[0.4731403223],"iteration":65,"passed_time":0.478527729,"remaining_time":6.771892407},
{"learn":[0.4728406111],"iteration":66,"passed_time":0.4847254347,"remaining_time":6.749982545},
{"learn":[0.4725066562],"iteration":67,"passed_time":0.4916070723,"remaining_time":6.737908696},
{"learn":[0.472300749],"iteration":68,"passed_time":0.4976030586,"remaining_time":6.714035472},
{"learn":[0.4719826972],"iteration":69,"passed_time":0.5034966777,"remaining_time":6.689313004},
{"learn":[0.4717744273],"iteration":70,"passed_time":0.5094507781,"remaining_time":6.665912294},
{"learn":[0.4715260769],"iteration":71,"passed_time":0.5149959013,"remaining_time":6.63772495},
{"learn":[0.4712985938],"iteration":72,"passed_time":0.5211207122,"remaining_time":6.617519181},
{"learn":[0.4709725328],"iteration":73,"passed_time":0.5281308072,"remaining_time":6.608771993},
{"learn":[0.4706313488],"iteration":74,"passed_time":0.5347550245,"remaining_time":6.595311968},
{"learn":[0.4703346127],"iteration":75,"passed_time":0.5408143467,"remaining_time":6.575163899},
{"learn":[0.4701028703],"iteration":76,"passed_time":0.54763251,"remaining_time":6.56447801},
{"learn":[0.4697925623],"iteration":77,"passed_time":0.5553216103,"remaining_time":6.564186214},
{"learn":[0.4695691163],"iteration":78,"passed_time":0.5614524631,"remaining_time":6.545540741},
{"learn":[0.4694089085],"iteration":79,"passed_time":0.5680764596,"remaining_time":6.532879285},
{"learn":[0.4692307527],"iteration":80,"passed_time":0.5750503072,"remaining_time":6.524336202},
{"learn":[0.4688897773],"iteration":81,"passed_time":0.5810046596,"remaining_time":6.504418019},
{"learn":[0.4685124398],"iteration":82,"passed_time":0.5872954657,"remaining_time":6.488553519},
{"learn":[0.4682672077],"iteration":83,"passed_time":0.5943399271,"remaining_time":6.481135396},
{"learn":[0.4680576258],"iteration":84,"passed_time":0.6010371727,"remaining_time":6.469988388},
{"learn":[0.4677796845],"iteration":85,"passed_time":0.6070729186,"remaining_time":6.451914507},
{"learn":[0.4675230086],"iteration":86,"passed_time":0.6140316087,"remaining_time":6.443802974},
{"learn":[0.4672845445],"iteration":87,"passed_time":0.6196577901,"remaining_time":6.421908007},
{"learn":[0.4668938567],"iteration":88,"passed_time":0.6267576998,"remaining_time":6.415463646},
{"learn":[0.4666728361],"iteration":89,"passed_time":0.6331737071,"remaining_time":6.402089705},
{"learn":[0.4665261949],"iteration":90,"passed_time":0.6393755233,"remaining_time":6.386729129},
{"learn":[0.4662701648],"iteration":91,"passed_time":0.6464899113,"remaining_time":6.380574342},
{"learn":[0.4661036704],"iteration":92,"passed_time":0.6531747818,"remaining_time":6.370209969},
{"learn":[0.4659949921],"iteration":93,"passed_time":0.6599913731,"remaining_time":6.361193447},
{"learn":[0.465854247],"iteration":94,"passed_time":0.6665850945,"remaining_time":6.350100111},
{"learn":[0.4656571601],"iteration":95,"passed_time":0.672938426,"remaining_time":6.336836845},
{"learn":[0.4654907371],"iteration":96,"passed_time":0.6793154611,"remaining_time":6.323936715},
{"learn":[0.4652852171],"iteration":97,"passed_time":0.6859642651,"remaining_time":6.313671093},
{"learn":[0.465140442],"iteration":98,"passed_time":0.6923891848,"remaining_time":6.301440965},
{"learn":[0.4649786322],"iteration":99,"passed_time":0.6994562801,"remaining_time":6.295106521},
{"learn":[0.4648697397],"iteration":100,"passed_time":0.7057953581,"remaining_time":6.282277495},
{"learn":[0.4646755317],"iteration":101,"passed_time":0.7127142279,"remaining_time":6.274680164},
{"learn":[0.4644875007],"iteration":102,"passed_time":0.7191635336,"remaining_time":6.263006696},
{"learn":[0.4643908428],"iteration":103,"passed_time":0.7252541397,"remaining_time":6.248343358},
{"learn":[0.464283716],"iteration":104,"passed_time":0.7322122586,"remaining_time":6.241237823},
{"learn":[0.4641480413],"iteration":105,"passed_time":0.7380568833,"remaining_time":6.224743903},
{"learn":[0.4640090575],"iteration":106,"passed_time":0.7442994679,"remaining_time":6.211770326},
{"learn":[0.4638757838],"iteration":107,"passed_time":0.7511566892,"remaining_time":6.20399784},
{"learn":[0.4637759226],"iteration":108,"passed_time":0.7592686857,"remaining_time":6.206499073},
{"learn":[0.4636886037],"iteration":109,"passed_time":0.7658259822,"remaining_time":6.196228401},
{"learn":[0.4635935795],"iteration":110,"passed_time":0.7720230182,"remaining_time":6.183139308},
{"learn":[0.4633993385],"iteration":111,"passed_time":0.7779474155,"remaining_time":6.168011652},
{"learn":[0.4632281743],"iteration":112,"passed_time":0.7846572233,"remaining_time":6.159212009},
{"learn":[0.4631010162],"iteration":113,"passed_time":0.7905386082,"remaining_time":6.144010586},
{"learn":[0.4630089038],"iteration":114,"passed_time":0.7975557723,"remaining_time":6.137711813},
{"learn":[0.4628853725],"iteration":115,"passed_time":0.8036631528,"remaining_time":6.124467475},
{"learn":[0.4628128464],"iteration":116,"passed_time":0.8093548798,"remaining_time":6.108208195},
{"learn":[0.4626416309],"iteration":117,"passed_time":0.8152548496,"remaining_time":6.093684554},
{"learn":[0.4625336877],"iteration":118,"passed_time":0.821143726,"remaining_time":6.07922372},
{"learn":[0.4624690288],"iteration":119,"passed_time":0.8277960807,"remaining_time":6.070504591},
{"learn":[0.4623547696],"iteration":120,"passed_time":0.8337192283,"remaining_time":6.056522328},
{"learn":[0.4622350118],"iteration":121,"passed_time":0.8408216917,"remaining_time":6.051159388},
{"learn":[0.4621588106],"iteration":122,"passed_time":0.8470234384,"remaining_time":6.039345979},
{"learn":[0.4620828504],"iteration":123,"passed_time":0.8531527855,"remaining_time":6.027111614},
{"learn":[0.461937648],"iteration":124,"passed_time":0.8593157735,"remaining_time":6.015210415},
{"learn":[0.4618435747],"iteration":125,"passed_time":0.8664565043,"remaining_time":6.010182419},
{"learn":[0.4617472252],"iteration":126,"passed_time":0.8727599126,"remaining_time":5.999365384},
{"learn":[0.4610082955],"iteration":127,"passed_time":0.879899705,"remaining_time":5.99431674},
{"learn":[0.4609445197],"iteration":128,"passed_time":0.8857311555,"remaining_time":5.980401833},
{"learn":[0.460872141],"iteration":129,"passed_time":0.8916281803,"remaining_time":5.96705013},
{"learn":[0.460809161],"iteration":130,"passed_time":0.8974194817,"remaining_time":5.953110913},
{"learn":[0.4606932307],"iteration":131,"passed_time":0.9032864155,"remaining_time":5.93979249},
{"learn":[0.4604996947],"iteration":132,"passed_time":0.9101901438,"remaining_time":5.933344772},
{"learn":[0.4602919523],"iteration":133,"passed_time":0.9162101737,"remaining_time":5.921179182},
{"learn":[0.4601838893],"iteration":134,"passed_time":0.9219957188,"remaining_time":5.907602198},
{"learn":[0.46013041],"iteration":135,"passed_time":0.9275949958,"remaining_time":5.892956444},
{"learn":[0.4600120877],"iteration":136,"passed_time":0.9336136449,"remaining_time":5.881084493},
{"learn":[0.4599050572],"iteration":137,"passed_time":0.9402232654,"remaining_time":5.872988803},
{"learn":[0.4598769428],"iteration":138,"passed_time":0.946374144,"remaining_time":5.862072935},
{"learn":[0.4597293914],"iteration":139,"passed_time":0.9525598995,"remaining_time":5.851439383},
{"learn":[0.4595770458],"iteration":140,"passed_time":0.9586279285,"remaining_time":5.840151706},
{"learn":[0.4594957823],"iteration":141,"passed_time":0.9648146072,"remaining_time":5.829654458},
{"learn":[0.4594339728],"iteration":142,"passed_time":0.9704725158,"remaining_time":5.816048574},
{"learn":[0.4593744309],"iteration":143,"passed_time":0.9769373087,"remaining_time":5.807349557},
{"learn":[0.4593326764],"iteration":144,"passed_time":0.9827761779,"remaining_time":5.794990566},
{"learn":[0.4591624513],"iteration":145,"passed_time":0.9893005976,"remaining_time":5.786730893},
{"learn":[0.4589921779],"iteration":146,"passed_time":0.9963099301,"remaining_time":5.781308642},
{"learn":[0.4588985496],"iteration":147,"passed_time":1.002533636,"remaining_time":5.771342284},
{"learn":[0.4587877071],"iteration":148,"passed_time":1.008601978,"remaining_time":5.760538814},
{"learn":[0.4587577232],"iteration":149,"passed_time":1.015235086,"remaining_time":5.752998822},
{"learn":[0.4586948726],"iteration":150,"passed_time":1.02126526,"remaining_time":5.742080832},
{"learn":[0.4586251352],"iteration":151,"passed_time":1.027331854,"remaining_time":5.731430341},
{"learn":[0.4585538633],"iteration":152,"passed_time":1.033030374,"remaining_time":5.718802134},
{"learn":[0.4584655427],"iteration":153,"passed_time":1.039972277,"remaining_time":5.713094454},
{"learn":[0.458411146],"iteration":154,"passed_time":1.046227607,"remaining_time":5.70362792},
{"learn":[0.4583658448],"iteration":155,"passed_time":1.05306188,"remaining_time":5.697334788},
{"learn":[0.4582974139],"iteration":156,"passed_time":1.058760205,"remaining_time":5.684935369},
{"learn":[0.4582611164],"iteration":157,"passed_time":1.064525999,"remaining_time":5.672980324},
{"learn":[0.4577102258],"iteration":158,"passed_time":1.071497231,"remaining_time":5.667479066},
{"learn":[0.4576576813],"iteration":159,"passed_time":1.077386392,"remaining_time":5.656278557},
{"learn":[0.4575674347],"iteration":160,"passed_time":1.083266945,"remaining_time":5.645099175},
{"learn":[0.4575247165],"iteration":161,"passed_time":1.088885555,"remaining_time":5.632630214},
{"learn":[0.4574624323],"iteration":162,"passed_time":1.094583897,"remaining_time":5.620654735},
{"learn":[0.4574073352],"iteration":163,"passed_time":1.102656092,"remaining_time":5.620856666},
{"learn":[0.4573057673],"iteration":164,"passed_time":1.10872631,"remaining_time":5.610827086},
{"learn":[0.4572639135],"iteration":165,"passed_time":1.115755367,"remaining_time":5.605662507},
{"learn":[0.457168616],"iteration":166,"passed_time":1.121766613,"remaining_time":5.595398736},
{"learn":[0.4571253948],"iteration":167,"passed_time":1.127435298,"remaining_time":5.583489097},
{"learn":[0.4570924718],"iteration":168,"passed_time":1.133459446,"remaining_time":5.573401182},
{"learn":[0.4570507385],"iteration":169,"passed_time":1.139307866,"remaining_time":5.562503112},
{"learn":[0.4569841339],"iteration":170,"passed_time":1.145759703,"remaining_time":5.554589435},
{"learn":[0.456903107],"iteration":171,"passed_time":1.152801089,"remaining_time":5.549530822},
{"learn":[0.4568736482],"iteration":172,"passed_time":1.158786568,"remaining_time":5.539401687},
{"learn":[0.4567856707],"iteration":173,"passed_time":1.165160947,"remaining_time":5.531166334},
{"learn":[0.4566821439],"iteration":174,"passed_time":1.171039912,"remaining_time":5.520616727},
{"learn":[0.4566281669],"iteration":175,"passed_time":1.176601125,"remaining_time":5.508632537},
{"learn":[0.456493926],"iteration":176,"passed_time":1.182825915,"remaining_time":5.499806375},
{"learn":[0.456434639],"iteration":177,"passed_time":1.189052626,"remaining_time":5.491018309},
{"learn":[0.4563368348],"iteration":178,"passed_time":1.195766193,"remaining_time":5.484491868},
{"learn":[0.4562922203],"iteration":179,"passed_time":1.202771278,"remaining_time":5.479291377},
{"learn":[0.4561779659],"iteration":180,"passed_time":1.208688486,"remaining_time":5.469148454},
{"learn":[0.4561363529],"iteration":181,"passed_time":1.214687155,"remaining_time":5.459418093},
{"learn":[0.456084165],"iteration":182,"passed_time":1.221032921,"remaining_time":5.451278124},
{"learn":[0.4560392356],"iteration":183,"passed_time":1.226618691,"remaining_time":5.439787236},
{"learn":[0.4559950899],"iteration":184,"passed_time":1.232703799,"remaining_time":5.430559978},
{"learn":[0.4559546585],"iteration":185,"passed_time":1.238851592,"remaining_time":5.42164084},
{"learn":[0.455895202],"iteration":186,"passed_time":1.245632911,"remaining_time":5.41550565},
{"learn":[0.4558433886],"iteration":187,"passed_time":1.255573719,"remaining_time":5.423009892},
{"learn":[0.4557852209],"iteration":188,"passed_time":1.262578458,"remaining_time":5.417730842},
{"learn":[0.4557306984],"iteration":189,"passed_time":1.268586987,"remaining_time":5.408186629},
{"learn":[0.4556934704],"iteration":190,"passed_time":1.274705529,"remaining_time":5.399145408},
{"learn":[0.4556158762],"iteration":191,"passed_time":1.280581225,"remaining_time":5.389112654},
{"learn":[0.4555439766],"iteration":192,"passed_time":1.287291582,"remaining_time":5.382612988},
{"learn":[0.4554798225],"iteration":193,"passed_time":1.293807202,"remaining_time":5.375302087},
{"learn":[0.4554093684],"iteration":194,"passed_time":1.299625471,"remaining_time":5.365120535},
{"learn":[0.4553372027],"iteration":195,"passed_time":1.305436724,"remaining_time":5.354954725},
{"learn":[0.4552970854],"iteration":196,"passed_time":1.310959547,"remaining_time":5.343657442},
{"learn":[0.4552472602],"iteration":197,"passed_time":1.316659773,"remaining_time":5.333137059},
{"learn":[0.4551751977],"iteration":198,"passed_time":1.322945816,"remaining_time":5.325023109},
{"learn":[0.4550682421],"iteration":199,"passed_time":1.329983003,"remaining_time":5.319932011},
{"learn":[0.4549986607],"iteration":200,"passed_time":1.336659607,"remaining_time":5.313388187},
{"learn":[0.4549546384],"iteration":201,"passed_time":1.342436161,"remaining_time":5.303287408},
{"learn":[0.4549133315],"iteration":202,"passed_time":1.348701955,"remaining_time":5.295150042},
{"learn":[0.454852284],"iteration":203,"passed_time":1.355347298,"remaining_time":5.288512008},
{"learn":[0.4547800967],"iteration":204,"passed_time":1.361734656,"remaining_time":5.28087342},
{"learn":[0.4547386071],"iteration":205,"passed_time":1.368202439,"remaining_time":5.273556974},
{"learn":[0.4546667591],"iteration":206,"passed_time":1.374432865,"remaining_time":5.265339431},
{"learn":[0.4545988353],"iteration":207,"passed_time":1.381272134,"remaining_time":5.259459279},
{"learn":[0.4545600169],"iteration":208,"passed_time":1.387168937,"remaining_time":5.25000301},
{"learn":[0.4545066216],"iteration":209,"passed_time":1.394172875,"remaining_time":5.244745577},
{"learn":[0.4544449589],"iteration":210,"passed_time":1.400018242,"remaining_time":5.235139303},
{"learn":[0.4543954402],"iteration":211,"passed_time":1.405766716,"remaining_time":5.225208359},
{"learn":[0.4543435987],"iteration":212,"passed_time":1.41221845,"remaining_time":5.217915119},
{"learn":[0.4543122855],"iteration":213,"passed_time":1.418441604,"remaining_time":5.209790192},
{"learn":[0.4542552742],"iteration":214,"passed_time":1.424431351,"remaining_time":5.200830748},
{"learn":[0.4541797249],"iteration":215,"passed_time":1.430318684,"remaining_time":5.191527077},
{"learn":[0.453793202],"iteration":216,"passed_time":1.437452328,"remaining_time":5.186751948},
{"learn":[0.4537567758],"iteration":217,"passed_time":1.443653973,"remaining_time":5.178611957},
{"learn":[0.4537058246],"iteration":218,"passed_time":1.449877207,"remaining_time":5.17056666},
{"learn":[0.4536627412],"iteration":219,"passed_time":1.455817356,"remaining_time":5.161534263},
{"learn":[0.4536260917],"iteration":220,"passed_time":1.461779155,"remaining_time":5.152606163},
{"learn":[0.4535626519],"iteration":221,"passed_time":1.467896127,"remaining_time":5.144248591},
{"learn":[0.4535157558],"iteration":222,"passed_time":1.473677034,"remaining_time":5.134740159},
{"learn":[0.4534860651],"iteration":223,"passed_time":1.479412969,"remaining_time":5.125109213},
{"learn":[0.4534363102],"iteration":224,"passed_time":1.485914053,"remaining_time":5.118148404},
{"learn":[0.4534090245],"iteration":225,"passed_time":1.492889881,"remaining_time":5.112817558},
{"learn":[0.4533393283],"iteration":226,"passed_time":1.49862031,"remaining_time":5.103231277},
{"learn":[0.4532787313],"iteration":227,"passed_time":1.504957179,"remaining_time":5.095732201},
{"learn":[0.4532372185],"iteration":228,"passed_time":1.51073052,"remaining_time":5.086345986},
{"learn":[0.4531822279],"iteration":229,"passed_time":1.516375923,"remaining_time":5.076562873},
{"learn":[0.4531282162],"iteration":230,"passed_time":1.522471025,"remaining_time":5.068312632},
{"learn":[0.4530767869],"iteration":231,"passed_time":1.52891771,"remaining_time":5.061244834},
{"learn":[0.4530159738],"iteration":232,"passed_time":1.535776413,"remaining_time":5.055538664},
{"learn":[0.4529828648],"iteration":233,"passed_time":1.54247904,"remaining_time":5.049311728},
{"learn":[0.4529462691],"iteration":234,"passed_time":1.548279838,"remaining_time":5.040145006},
{"learn":[0.4528501753],"iteration":235,"passed_time":1.555242428,"remaining_time":5.034767859},
{"learn":[0.4528211112],"iteration":236,"passed_time":1.560835744,"remaining_time":5.024969085},
{"learn":[0.4527840029],"iteration":237,"passed_time":1.566208694,"remaining_time":5.014500104},
{"learn":[0.4527042489],"iteration":238,"passed_time":1.572237895,"remaining_time":5.006163338},
{"learn":[0.4526528714],"iteration":239,"passed_time":1.5785388,"remaining_time":4.998706201},
{"learn":[0.4526235401],"iteration":240,"passed_time":1.584084809,"remaining_time":4.988881204},
{"learn":[0.4525749301],"iteration":241,"passed_time":1.591026953,"remaining_time":4.983464588},
{"learn":[0.4525163431],"iteration":242,"passed_time":1.596946859,"remaining_time":4.974850914},
{"learn":[0.4524793567],"iteration":243,"passed_time":1.603732142,"remaining_time":4.968940572},
{"learn":[0.4524224634],"iteration":244,"passed_time":1.609389287,"remaining_time":4.959546578},
{"learn":[0.4523885763],"iteration":245,"passed_time":1.615762959,"remaining_time":4.952379152},
{"learn":[0.4523626892],"iteration":246,"passed_time":1.621321546,"remaining_time":4.942733297},
{"learn":[0.4523392335],"iteration":247,"passed_time":1.626971239,"remaining_time":4.933396661},
{"learn":[0.4522879769],"iteration":248,"passed_time":1.633248092,"remaining_time":4.925981193},
{"learn":[0.4522618752],"iteration":249,"passed_time":1.638695929,"remaining_time":4.916087787},
{"learn":[0.4522200937],"iteration":250,"passed_time":1.644227709,"remaining_time":4.906480295},
{"learn":[0.4521902375],"iteration":251,"passed_time":1.650262526,"remaining_time":4.898398292},
{"learn":[0.4521496077],"iteration":252,"passed_time":1.65593103,"remaining_time":4.889250905},
{"learn":[0.4521148885],"iteration":253,"passed_time":1.661478613,"remaining_time":4.879775768},
{"learn":[0.4520790724],"iteration":254,"passed_time":1.667116794,"remaining_time":4.870596124},
{"learn":[0.4520207742],"iteration":255,"passed_time":1.673199325,"remaining_time":4.862735537},
{"learn":[0.4519676188],"iteration":256,"passed_time":1.678887958,"remaining_time":4.85375001},
{"learn":[0.451940755],"iteration":257,"passed_time":1.685943301,"remaining_time":4.848720655},
{"learn":[0.4518933386],"iteration":258,"passed_time":1.692434038,"remaining_time":4.842060317},
{"learn":[0.4518505413],"iteration":259,"passed_time":1.698689491,"remaining_time":4.834731628},
{"learn":[0.451800431],"iteration":260,"passed_time":1.70426396,"remaining_time":4.825483012},
{"learn":[0.4517734102],"iteration":261,"passed_time":1.709998742,"remaining_time":4.816714015},
{"learn":[0.4517174198],"iteration":262,"passed_time":1.716700705,"remaining_time":4.810678401},
{"learn":[0.4516753907],"iteration":263,"passed_time":1.723376162,"remaining_time":4.804563846},
{"learn":[0.451653581],"iteration":264,"passed_time":1.728806353,"remaining_time":4.794991205},
{"learn":[0.4516261213],"iteration":265,"passed_time":1.734408389,"remaining_time":4.785923901},
{"learn":[0.4515897878],"iteration":266,"passed_time":1.739835086,"remaining_time":4.776401191},
{"learn":[0.4515518709],"iteration":267,"passed_time":1.745896694,"remaining_time":4.768643208},
{"learn":[0.4515022624],"iteration":268,"passed_time":1.752123759,"remaining_time":4.761347464},
{"learn":[0.4514728799],"iteration":269,"passed_time":1.757914434,"remaining_time":4.752879766},
{"learn":[0.4514464199],"iteration":270,"passed_time":1.764765881,"remaining_time":4.747285339},
{"learn":[0.451372231],"iteration":271,"passed_time":1.771260196,"remaining_time":4.74072582},
{"learn":[0.4513461575],"iteration":272,"passed_time":1.776818732,"remaining_time":4.731674791},
{"learn":[0.4513078335],"iteration":273,"passed_time":1.783656264,"remaining_time":4.72603813},
{"learn":[0.4512659631],"iteration":274,"passed_time":1.789479316,"remaining_time":4.717718195},
{"learn":[0.4512372675],"iteration":275,"passed_time":1.79485243,"remaining_time":4.708236084},
{"learn":[0.4512103789],"iteration":276,"passed_time":1.801073492,"remaining_time":4.700996875},
{"learn":[0.4511748311],"iteration":277,"passed_time":1.807200095,"remaining_time":4.693519672},
{"learn":[0.4511285952],"iteration":278,"passed_time":1.813330837,"remaining_time":4.686062844},
{"learn":[0.451103683],"iteration":279,"passed_time":1.819084457,"remaining_time":4.677645746},
{"learn":[0.4510724465],"iteration":280,"passed_time":1.824740145,"remaining_time":4.668997026},
{"learn":[0.4510498679],"iteration":281,"passed_time":1.8315312,"remaining_time":4.663260289},
{"learn":[0.4510215434],"iteration":282,"passed_time":1.837695733,"remaining_time":4.655928765},
{"learn":[0.4509809325],"iteration":283,"passed_time":1.844548765,"remaining_time":4.650341253},
{"learn":[0.4509534004],"iteration":284,"passed_time":1.85037238,"remaining_time":4.642162287},
{"learn":[0.4509312623],"iteration":285,"passed_time":1.855902009,"remaining_time":4.633265854},
{"learn":[0.4508953541],"iteration":286,"passed_time":1.861619212,"remaining_time":4.624858877},
{"learn":[0.4508624947],"iteration":287,"passed_time":1.867672713,"remaining_time":4.617301986},
{"learn":[0.4506074834],"iteration":288,"passed_time":1.874352513,"remaining_time":4.611296322},
{"learn":[0.4505780769],"iteration":289,"passed_time":1.881053902,"remaining_time":4.605338862},
{"learn":[0.4505465855],"iteration":290,"passed_time":1.886597444,"remaining_time":4.596555284},
{"learn":[0.4505148606],"iteration":291,"passed_time":1.892777788,"remaining_time":4.589337924},
{"learn":[0.4504854527],"iteration":292,"passed_time":1.898339584,"remaining_time":4.580635105},
{"learn":[0.4504619282],"iteration":293,"passed_time":1.903955919,"remaining_time":4.572084622},
{"learn":[0.4504375071],"iteration":294,"passed_time":1.909870047,"remaining_time":4.564265706},
{"learn":[0.4504004195],"iteration":295,"passed_time":1.915972746,"remaining_time":4.556908153},
{"learn":[0.4503690348],"iteration":296,"passed_time":1.921630507,"remaining_time":4.548505879},
{"learn":[0.4503288333],"iteration":297,"passed_time":1.928035342,"remaining_time":4.541881913},
{"learn":[0.4503088138],"iteration":298,"passed_time":1.935006107,"remaining_time":4.536586225},
{"learn":[0.4502853499],"iteration":299,"passed_time":1.9405357,"remaining_time":4.527916633},
{"learn":[0.4502455852],"iteration":300,"passed_time":1.947261213,"remaining_time":4.522045143},
{"learn":[0.4502045504],"iteration":301,"passed_time":1.953282525,"remaining_time":4.514540405},
{"learn":[0.4501662532],"iteration":302,"passed_time":1.959189595,"remaining_time":4.506782666},
{"learn":[0.4501163743],"iteration":303,"passed_time":1.966186574,"remaining_time":4.50153242},
{"learn":[0.4500788341],"iteration":304,"passed_time":1.971866142,"remaining_time":4.49326875},
{"learn":[0.4500584225],"iteration":305,"passed_time":1.978880442,"remaining_time":4.488049107},
{"learn":[0.450032773],"iteration":306,"passed_time":1.984404452,"remaining_time":4.479453699},
{"learn":[0.4499678694],"iteration":307,"passed_time":1.991460664,"remaining_time":4.474320713},
{"learn":[0.4499454068],"iteration":308,"passed_time":1.997388586,"remaining_time":4.466652146},
{"learn":[0.4499271762],"iteration":309,"passed_time":2.003082737,"remaining_time":4.458474478},
{"learn":[0.4498977129],"iteration":310,"passed_time":2.008826415,"remaining_time":4.450422508},
{"learn":[0.4498739277],"iteration":311,"passed_time":2.014973583,"remaining_time":4.44327508},
{"learn":[0.449850007],"iteration":312,"passed_time":2.021504393,"remaining_time":4.436976095},
{"learn":[0.449833226],"iteration":313,"passed_time":2.028551862,"remaining_time":4.431804387},
{"learn":[0.4498114214],"iteration":314,"passed_time":2.03533735,"remaining_time":4.426051063},
{"learn":[0.4497793082],"iteration":315,"passed_time":2.041292123,"remaining_time":4.418493076},
{"learn":[0.4497644725],"iteration":316,"passed_time":2.04947215,"remaining_time":4.415739679},
{"learn":[0.4497307346],"iteration":317,"passed_time":2.056009932,"remaining_time":4.409430105},
{"learn":[0.4497091451],"iteration":318,"passed_time":2.061788271,"remaining_time":4.401497844},
{"learn":[0.4496839208],"iteration":319,"passed_time":2.068519247,"remaining_time":4.395603399},
{"learn":[0.449657434],"iteration":320,"passed_time":2.07544504,"remaining_time":4.390115832},
{"learn":[0.4496380997],"iteration":321,"passed_time":2.080963764,"remaining_time":4.381656622},
{"learn":[0.4496181919],"iteration":322,"passed_time":2.086782531,"remaining_time":4.3738445},
{"learn":[0.4495876707],"iteration":323,"passed_time":2.093100972,"remaining_time":4.367087213},
{"learn":[0.4495614145],"iteration":324,"passed_time":2.098850979,"remaining_time":4.359152034},
{"learn":[0.4495428562],"iteration":325,"passed_time":2.1042661,"remaining_time":4.350537889},
{"learn":[0.449527353],"iteration":326,"passed_time":2.111165882,"remaining_time":4.344998895},
{"learn":[0.4495066206],"iteration":327,"passed_time":2.117241038,"remaining_time":4.337762126},
{"learn":[0.4494868297],"iteration":328,"passed_time":2.123561323,"remaining_time":4.331032364},
{"learn":[0.4494522833],"iteration":329,"passed_time":2.129315999,"remaining_time":4.323156726},
{"learn":[0.4494178678],"iteration":330,"passed_time":2.135605023,"remaining_time":4.316373899},
{"learn":[0.4493854086],"iteration":331,"passed_time":2.14216262,"remaining_time":4.310134429},
{"learn":[0.4493586223],"iteration":332,"passed_time":2.148696988,"remaining_time":4.303846519},
{"learn":[0.4493386284],"iteration":333,"passed_time":2.154618803,"remaining_time":4.296335696},
{"learn":[0.4493114977],"iteration":334,"passed_time":2.161615585,"remaining_time":4.29096825},
{"learn":[0.4492952229],"iteration":335,"passed_time":2.167166479,"remaining_time":4.282733756},
{"learn":[0.4492658902],"iteration":336,"passed_time":2.173020201,"remaining_time":4.27511096},
{"learn":[0.4492348463],"iteration":337,"passed_time":2.178760856,"remaining_time":4.267277179},
{"learn":[0.4491822047],"iteration":338,"passed_time":2.185768572,"remaining_time":4.261926331},
{"learn":[0.4491179727],"iteration":339,"passed_time":2.191656518,"remaining_time":4.254392064},
{"learn":[0.4490962905],"iteration":340,"passed_time":2.197128336,"remaining_time":4.246063265},
{"learn":[0.44907706],"iteration":341,"passed_time":2.202695736,"remaining_time":4.23793507},
{"learn":[0.4490521822],"iteration":342,"passed_time":2.209437289,"remaining_time":4.232070842},
{"learn":[0.4490319914],"iteration":343,"passed_time":2.215237586,"remaining_time":4.224406559},
{"learn":[0.4490102082],"iteration":344,"passed_time":2.222124573,"remaining_time":4.218816219},
{"learn":[0.4489991949],"iteration":345,"passed_time":2.22912022,"remaining_time":4.213423768},
{"learn":[0.4489764088],"iteration":346,"passed_time":2.234843865,"remaining_time":4.205628368},
{"learn":[0.4489576822],"iteration":347,"passed_time":2.241771588,"remaining_time":4.200100791},
{"learn":[0.448926416],"iteration":348,"passed_time":2.247717658,"remaining_time":4.192734083},
{"learn":[0.4488703569],"iteration":349,"passed_time":2.253880281,"remaining_time":4.185777664},
{"learn":[0.4488369027],"iteration":350,"passed_time":2.260207145,"remaining_time":4.17912945},
{"learn":[0.4488055872],"iteration":351,"passed_time":2.266598775,"remaining_time":4.17260229},
{"learn":[0.4487912195],"iteration":352,"passed_time":2.273715541,"remaining_time":4.167404972},
{"learn":[0.4487729369],"iteration":353,"passed_time":2.279321702,"remaining_time":4.159440169},
{"learn":[0.4487608432],"iteration":354,"passed_time":2.28584072,"remaining_time":4.153147224},
{"learn":[0.4487055911],"iteration":355,"passed_time":2.291661145,"remaining_time":4.145589262},
{"learn":[0.4486921953],"iteration":356,"passed_time":2.298712751,"remaining_time":4.140258541},
{"learn":[0.4486634098],"iteration":357,"passed_time":2.304739643,"remaining_time":4.133080589},
{"learn":[0.4486345852],"iteration":358,"passed_time":2.31035791,"remaining_time":4.125179443},
{"learn":[0.4486083043],"iteration":359,"passed_time":2.316080784,"remaining_time":4.117476949},
{"learn":[0.4485938539],"iteration":360,"passed_time":2.32147675,"remaining_time":4.109206769},
{"learn":[0.4485753366],"iteration":361,"passed_time":2.3270789,"remaining_time":4.101315852},
{"learn":[0.4485591791],"iteration":362,"passed_time":2.333847388,"remaining_time":4.095484259},
{"learn":[0.4485453347],"iteration":363,"passed_time":2.34066484,"remaining_time":4.089733072},
{"learn":[0.4485324211],"iteration":364,"passed_time":2.347505593,"remaining_time":4.08401658},
{"learn":[0.4485143727],"iteration":365,"passed_time":2.353807193,"remaining_time":4.077360001},
{"learn":[0.4484950321],"iteration":366,"passed_time":2.359927095,"remaining_time":4.070391965},
{"learn":[0.448472078],"iteration":367,"passed_time":2.365775064,"remaining_time":4.062961523},
{"learn":[0.4484421642],"iteration":368,"passed_time":2.373293459,"remaining_time":4.058396132},
{"learn":[0.4484109515],"iteration":369,"passed_time":2.38114398,"remaining_time":4.05438029},
{"learn":[0.448389851],"iteration":370,"passed_time":2.389720219,"remaining_time":4.051574172},
{"learn":[0.4483725279],"iteration":371,"passed_time":2.396153119,"remaining_time":4.045118706},
{"learn":[0.4483605972],"iteration":372,"passed_time":2.403316364,"remaining_time":4.039891047},
{"learn":[0.4483308797],"iteration":373,"passed_time":2.410036401,"remaining_time":4.033911195},
{"learn":[0.4482821702],"iteration":374,"passed_time":2.416005354,"remaining_time":4.02667559},
{"learn":[0.448262063],"iteration":375,"passed_time":2.421752444,"remaining_time":4.019078525},
{"learn":[0.4482449862],"iteration":376,"passed_time":2.427969728,"remaining_time":4.012268277},
{"learn":[0.4482228287],"iteration":377,"passed_time":2.434689586,"remaining_time":4.006288155},
{"learn":[0.4481955163],"iteration":378,"passed_time":2.440433839,"remaining_time":3.998705578},
{"learn":[0.4481822625],"iteration":379,"passed_time":2.445834146,"remaining_time":3.990571501},
{"learn":[0.4481694466],"iteration":380,"passed_time":2.45280535,"remaining_time":3.985003968},
{"learn":[0.4481505037],"iteration":381,"passed_time":2.460420445,"remaining_time":3.980470772},
{"learn":[0.448128877],"iteration":382,"passed_time":2.46649069,"remaining_time":3.973432783},
{"learn":[0.4481051825],"iteration":383,"passed_time":2.472687436,"remaining_time":3.966602762},
{"learn":[0.4480631995],"iteration":384,"passed_time":2.479508231,"remaining_time":3.960772889},
{"learn":[0.4480424058],"iteration":385,"passed_time":2.485790976,"remaining_time":3.954082019},
{"learn":[0.4480207063],"iteration":386,"passed_time":2.493405064,"remaining_time":3.949502078},
{"learn":[0.4480011253],"iteration":387,"passed_time":2.500680896,"remaining_time":3.944372959},
{"learn":[0.4479791034],"iteration":388,"passed_time":2.509421779,"remaining_time":3.941533951},
{"learn":[0.4479391312],"iteration":389,"passed_time":2.51690686,"remaining_time":3.936700474},
{"learn":[0.4479171384],"iteration":390,"passed_time":2.524274915,"remaining_time":3.931671159},
{"learn":[0.4479044651],"iteration":391,"passed_time":2.532682452,"remaining_time":3.92824217},
{"learn":[0.4478824837],"iteration":392,"passed_time":2.539792378,"remaining_time":3.922783647},
{"learn":[0.4478584961],"iteration":393,"passed_time":2.548473745,"remaining_time":3.919733729},
{"learn":[0.447836303],"iteration":394,"passed_time":2.556872317,"remaining_time":3.916222156},
{"learn":[0.4478207148],"iteration":395,"passed_time":2.566323722,"remaining_time":3.914291738},
{"learn":[0.4477913268],"iteration":396,"passed_time":2.575277486,"remaining_time":3.911567567},
{"learn":[0.4477500147],"iteration":397,"passed_time":2.5845062,"remaining_time":3.909227971},
{"learn":[0.4477250931],"iteration":398,"passed_time":2.593379304,"remaining_time":3.906318199},
{"learn":[0.4477084101],"iteration":399,"passed_time":2.603043077,"remaining_time":3.904564615},
{"learn":[0.4476831765],"iteration":400,"passed_time":2.610311383,"remaining_time":3.899193312},
{"learn":[0.4476664125],"iteration":401,"passed_time":2.617488664,"remaining_time":3.893677167},
{"learn":[0.4476561145],"iteration":402,"passed_time":2.626427886,"remaining_time":3.890762898},
{"learn":[0.4476425621],"iteration":403,"passed_time":2.633514052,"remaining_time":3.885085086},
{"learn":[0.447610645],"iteration":404,"passed_time":2.641918068,"remaining_time":3.88133642},
{"learn":[0.4475938304],"iteration":405,"passed_time":2.648975623,"remaining_time":3.875594877},
{"learn":[0.447557878],"iteration":406,"passed_time":2.656302727,"remaining_time":3.8702396},
{"learn":[0.4475361057],"iteration":407,"passed_time":2.664764662,"remaining_time":3.866521274},
{"learn":[0.4475100375],"iteration":408,"passed_time":2.671531796,"remaining_time":3.860330785},
{"learn":[0.4474874255],"iteration":409,"passed_time":2.677146437,"remaining_time":3.85247902},
{"learn":[0.4474794316],"iteration":410,"passed_time":2.683841382,"remaining_time":3.846186311},
{"learn":[0.4474497316],"iteration":411,"passed_time":2.689661976,"remaining_time":3.838643791},
{"learn":[0.4474335805],"iteration":412,"passed_time":2.695249412,"remaining_time":3.830778221},
{"learn":[0.4474149294],"iteration":413,"passed_time":2.701980536,"remaining_time":3.824542498},
{"learn":[0.4473936344],"iteration":414,"passed_time":2.70808757,"remaining_time":3.817424646},
{"learn":[0.4473653384],"iteration":415,"passed_time":2.714643015,"remaining_time":3.810941155},
{"learn":[0.4473518265],"iteration":416,"passed_time":2.720803784,"remaining_time":3.803905531},
{"learn":[0.447332897],"iteration":417,"passed_time":2.728134552,"remaining_time":3.798503133},
{"learn":[0.4473162049],"iteration":418,"passed_time":2.736450062,"remaining_time":3.794457007},
{"learn":[0.4472935168],"iteration":419,"passed_time":2.743061206,"remaining_time":3.788036903},
{"learn":[0.4472620659],"iteration":420,"passed_time":2.750148191,"remaining_time":3.782270314},
{"learn":[0.4472429329],"iteration":421,"passed_time":2.756293163,"remaining_time":3.775207224},
{"learn":[0.4472285858],"iteration":422,"passed_time":2.761898181,"remaining_time":3.767411939},
{"learn":[0.4472121605],"iteration":423,"passed_time":2.767892172,"remaining_time":3.760155403},
{"learn":[0.4471987028],"iteration":424,"passed_time":2.774865929,"remaining_time":3.754230374},
{"learn":[0.4471773894],"iteration":425,"passed_time":2.781731253,"remaining_time":3.748154317},
{"learn":[0.4471600528],"iteration":426,"passed_time":2.787865618,"remaining_time":3.741093675},
{"learn":[0.4471340451],"iteration":427,"passed_time":2.794663904,"remaining_time":3.734924656},
{"learn":[0.4471093618],"iteration":428,"passed_time":2.801124345,"remaining_time":3.728303033},
{"learn":[0.4470996476],"iteration":429,"passed_time":2.8082468,"remaining_time":3.722559712},
{"learn":[0.4470785388],"iteration":430,"passed_time":2.814692578,"remaining_time":3.715916652},
{"learn":[0.4470464948],"iteration":431,"passed_time":2.820604678,"remaining_time":3.708572817},
{"learn":[0.4470319564],"iteration":432,"passed_time":2.826831046,"remaining_time":3.70164712},
{"learn":[0.4470032311],"iteration":433,"passed_time":2.832954706,"remaining_time":3.6945907},
{"learn":[0.4469853809],"iteration":434,"passed_time":2.838792843,"remaining_time":3.687167715},
{"learn":[0.4469713075],"iteration":435,"passed_time":2.845711314,"remaining_time":3.681149498},
{"learn":[0.4469532699],"iteration":436,"passed_time":2.851484414,"remaining_time":3.673651545},
{"learn":[0.4469292335],"iteration":437,"passed_time":2.857522466,"remaining_time":3.666501429},
{"learn":[0.4469080817],"iteration":438,"passed_time":2.864095165,"remaining_time":3.660039607},
{"learn":[0.4468986166],"iteration":439,"passed_time":2.87110999,"remaining_time":3.654139987},
{"learn":[0.4468796941],"iteration":440,"passed_time":2.876899677,"remaining_time":3.646682357},
{"learn":[0.4468587441],"iteration":441,"passed_time":2.882822093,"remaining_time":3.639399837},
{"learn":[0.44684458],"iteration":442,"passed_time":2.88928426,"remaining_time":3.632802106},
{"learn":[0.4468218258],"iteration":443,"passed_time":2.895245359,"remaining_time":3.625577522},
{"learn":[0.4468044081],"iteration":444,"passed_time":2.901545883,"remaining_time":3.618781944},
{"learn":[0.4467823591],"iteration":445,"passed_time":2.907377749,"remaining_time":3.611406442},
{"learn":[0.4467563747],"iteration":446,"passed_time":2.913373043,"remaining_time":3.604240028},
{"learn":[0.4467372624],"iteration":447,"passed_time":2.919597425,"remaining_time":3.597361113},
{"learn":[0.4467243131],"iteration":448,"passed_time":2.925768984,"remaining_time":3.590420291},
{"learn":[0.4467084339],"iteration":449,"passed_time":2.93144941,"remaining_time":3.582882612},
{"learn":[0.4466789415],"iteration":450,"passed_time":2.937149549,"remaining_time":3.575377167},
{"learn":[0.4466734139],"iteration":451,"passed_time":2.94401069,"remaining_time":3.569287297},
{"learn":[0.4466608666],"iteration":452,"passed_time":2.950962643,"remaining_time":3.563303677},
{"learn":[0.4466419675],"iteration":453,"passed_time":2.956853032,"remaining_time":3.55603911},
{"learn":[0.4466238369],"iteration":454,"passed_time":2.963971367,"remaining_time":3.550251418},
{"learn":[0.4466031387],"iteration":455,"passed_time":2.969844206,"remaining_time":3.542972035},
{"learn":[0.4465782261],"iteration":456,"passed_time":2.975792613,"remaining_time":3.535788597},
{"learn":[0.4465610438],"iteration":457,"passed_time":2.981724256,"remaining_time":3.528590713},
{"learn":[0.446549024],"iteration":458,"passed_time":2.989206276,"remaining_time":3.523225697},
{"learn":[0.4465290052],"iteration":459,"passed_time":2.99625657,"remaining_time":3.517344669},
{"learn":[0.4465148246],"iteration":460,"passed_time":3.003276654,"remaining_time":3.511423246},
{"learn":[0.4464939085],"iteration":461,"passed_time":3.009321025,"remaining_time":3.504360848},
{"learn":[0.4464705911],"iteration":462,"passed_time":3.015969845,"remaining_time":3.498003902},
{"learn":[0.446445889],"iteration":463,"passed_time":3.024501383,"remaining_time":3.493820563},
{"learn":[0.446432976],"iteration":464,"passed_time":3.033366537,"remaining_time":3.49000236},
{"learn":[0.4464172831],"iteration":465,"passed_time":3.04149323,"remaining_time":3.485316277},
{"learn":[0.4464043491],"iteration":466,"passed_time":3.047502091,"remaining_time":3.478198318},
{"learn":[0.4463862959],"iteration":467,"passed_time":3.054239002,"remaining_time":3.471912711},
{"learn":[0.4463657204],"iteration":468,"passed_time":3.059927638,"remaining_time":3.464438328},
{"learn":[0.446330306],"iteration":469,"passed_time":3.066957853,"remaining_time":3.458484388},
{"learn":[0.4463184115],"iteration":470,"passed_time":3.072476749,"remaining_time":3.45082845},
{"learn":[0.4463032416],"iteration":471,"passed_time":3.079024073,"remaining_time":3.444332014},
{"learn":[0.4462780504],"iteration":472,"passed_time":3.085350637,"remaining_time":3.437589398},
{"learn":[0.446263386],"iteration":473,"passed_time":3.091629107,"remaining_time":3.430795169},
{"learn":[0.4461073802],"iteration":474,"passed_time":3.098554683,"remaining_time":3.424718334},
{"learn":[0.446095813],"iteration":475,"passed_time":3.105105129,"remaining_time":3.418224974},
{"learn":[0.4460799572],"iteration":476,"passed_time":3.111922581,"remaining_time":3.41202413},
{"learn":[0.4460632698],"iteration":477,"passed_time":3.117804361,"remaining_time":3.404798904},
{"learn":[0.44605415],"iteration":478,"passed_time":3.124403501,"remaining_time":3.39835955},
{"learn":[0.4460235911],"iteration":479,"passed_time":3.130289454,"remaining_time":3.391146908},
{"learn":[0.4460027951],"iteration":480,"passed_time":3.136245205,"remaining_time":3.384015097},
{"learn":[0.4459852099],"iteration":481,"passed_time":3.142183794,"remaining_time":3.37686972},
{"learn":[0.4459777488],"iteration":482,"passed_time":3.149030767,"remaining_time":3.370701669},
{"learn":[0.4459557573],"iteration":483,"passed_time":3.154959626,"remaining_time":3.363551998},
{"learn":[0.4459399423],"iteration":484,"passed_time":3.161860308,"remaining_time":3.357439296},
{"learn":[0.4459246562],"iteration":485,"passed_time":3.16734169,"remaining_time":3.349822281},
{"learn":[0.4459096898],"iteration":486,"passed_time":3.174085693,"remaining_time":3.343544067},
{"learn":[0.4458964685],"iteration":487,"passed_time":3.180188402,"remaining_time":3.33659111},
{"learn":[0.4458802904],"iteration":488,"passed_time":3.186244951,"remaining_time":3.329593394},
{"learn":[0.4458533007],"iteration":489,"passed_time":3.192444471,"remaining_time":3.322748327},
{"learn":[0.4458363333],"iteration":490,"passed_time":3.198111493,"remaining_time":3.315353869},
{"learn":[0.4458200424],"iteration":491,"passed_time":3.204875856,"remaining_time":3.309099462},
{"learn":[0.4458064322],"iteration":492,"passed_time":3.21148353,"remaining_time":3.302681845},
{"learn":[0.4457769217],"iteration":493,"passed_time":3.218597787,"remaining_time":3.296782349},
{"learn":[0.4457581862],"iteration":494,"passed_time":3.225887864,"remaining_time":3.291057316},
{"learn":[0.4457441922],"iteration":495,"passed_time":3.232736425,"remaining_time":3.284877335},
{"learn":[0.4457296947],"iteration":496,"passed_time":3.238477566,"remaining_time":3.277573875},
{"learn":[0.4457223166],"iteration":497,"passed_time":3.245451846,"remaining_time":3.271519733},
{"learn":[0.445705801],"iteration":498,"passed_time":3.251079481,"remaining_time":3.264109859},
{"learn":[0.4456914493],"iteration":499,"passed_time":3.256889494,"remaining_time":3.256889494},
{"learn":[0.4456695443],"iteration":500,"passed_time":3.263494856,"remaining_time":3.250466933},
{"learn":[0.4456524175],"iteration":501,"passed_time":3.26916292,"remaining_time":3.243113813},
{"learn":[0.445637935],"iteration":502,"passed_time":3.275864621,"remaining_time":3.236788701},
{"learn":[0.4456245273],"iteration":503,"passed_time":3.281958764,"remaining_time":3.22986418},
{"learn":[0.4456030788],"iteration":504,"passed_time":3.287534596,"remaining_time":3.222434901},
{"learn":[0.4455916465],"iteration":505,"passed_time":3.294604451,"remaining_time":3.216471539},
{"learn":[0.4455861057],"iteration":506,"passed_time":3.300871869,"remaining_time":3.209723534},
{"learn":[0.4455754236],"iteration":507,"passed_time":3.306903419,"remaining_time":3.202748981},
{"learn":[0.4455476871],"iteration":508,"passed_time":3.313362075,"remaining_time":3.196190135},
{"learn":[0.4455362745],"iteration":509,"passed_time":3.32151893,"remaining_time":3.191263286},
{"learn":[0.4455294089],"iteration":510,"passed_time":3.328675044,"remaining_time":3.185366138},
{"learn":[0.4455126948],"iteration":511,"passed_time":3.335344266,"remaining_time":3.179000004},
{"learn":[0.4454947932],"iteration":512,"passed_time":3.341898456,"remaining_time":3.172523486},
{"learn":[0.4454816972],"iteration":513,"passed_time":3.347481101,"remaining_time":3.165128045},
{"learn":[0.445468844],"iteration":514,"passed_time":3.354360722,"remaining_time":3.158961068},
{"learn":[0.4454556721],"iteration":515,"passed_time":3.361278544,"remaining_time":3.152827162},
{"learn":[0.4454440716],"iteration":516,"passed_time":3.368817796,"remaining_time":3.147270784},
{"learn":[0.4454242523],"iteration":517,"passed_time":3.376540851,"remaining_time":3.141877781},
{"learn":[0.4454094823],"iteration":518,"passed_time":3.383677268,"remaining_time":3.135932112},
{"learn":[0.4453926894],"iteration":519,"passed_time":3.390394053,"remaining_time":3.129594511},
{"learn":[0.4453789812],"iteration":520,"passed_time":3.396341496,"remaining_time":3.122548131},
{"learn":[0.4453583292],"iteration":521,"passed_time":3.403176001,"remaining_time":3.116318253},
{"learn":[0.4453447636],"iteration":522,"passed_time":3.409269181,"remaining_time":3.109409942},
{"learn":[0.4453271865],"iteration":523,"passed_time":3.415561165,"remaining_time":3.102685333},
{"learn":[0.445315273],"iteration":524,"passed_time":3.421351752,"remaining_time":3.095508728},
{"learn":[0.4452983416],"iteration":525,"passed_time":3.427357574,"remaining_time":3.08853135},
{"learn":[0.4452838122],"iteration":526,"passed_time":3.433053742,"remaining_time":3.081279734},
{"learn":[0.4452780205],"iteration":527,"passed_time":3.4403915,"remaining_time":3.075501492},
{"learn":[0.4452600264],"iteration":528,"passed_time":3.445973266,"remaining_time":3.068153891},
{"learn":[0.4452438538],"iteration":529,"passed_time":3.453409919,"remaining_time":3.062457852},
{"learn":[0.4452285608],"iteration":530,"passed_time":3.459913474,"remaining_time":3.05593111},
{"learn":[0.4452129252],"iteration":531,"passed_time":3.467920085,"remaining_time":3.050726691},
{"learn":[0.4452057245],"iteration":532,"passed_time":3.476563916,"remaining_time":3.046070073},
{"learn":[0.4451924418],"iteration":533,"passed_time":3.484150936,"remaining_time":3.040476285},
{"learn":[0.4451672779],"iteration":534,"passed_time":3.491957269,"remaining_time":3.035065664},
{"learn":[0.4451548186],"iteration":535,"passed_time":3.498376363,"remaining_time":3.02844521},
{"learn":[0.445139911],"iteration":536,"passed_time":3.504500218,"remaining_time":3.021570951},
{"learn":[0.445134727],"iteration":537,"passed_time":3.511272438,"remaining_time":3.015256257},
{"learn":[0.4451238591],"iteration":538,"passed_time":3.517185577,"remaining_time":3.008205104},
{"learn":[0.4451005169],"iteration":539,"passed_time":3.522817833,"remaining_time":3.000918895},
{"learn":[0.4450858163],"iteration":540,"passed_time":3.528496443,"remaining_time":2.993678128},
{"learn":[0.445073743],"iteration":541,"passed_time":3.534272907,"remaining_time":2.986525814},
{"learn":[0.4450577927],"iteration":542,"passed_time":3.540632525,"remaining_time":2.979869363},
{"learn":[0.4450464776],"iteration":543,"passed_time":3.547043954,"remaining_time":2.973257432},
{"learn":[0.4450366154],"iteration":544,"passed_time":3.552920846,"remaining_time":2.966199972},
{"learn":[0.4450245916],"iteration":545,"passed_time":3.559796126,"remaining_time":2.959976999},
{"learn":[0.4450100392],"iteration":546,"passed_time":3.565882693,"remaining_time":2.953098464},
{"learn":[0.4449987791],"iteration":547,"passed_time":3.571380457,"remaining_time":2.945737165},
{"learn":[0.4449902745],"iteration":548,"passed_time":3.576871023,"remaining_time":2.938376742},
{"learn":[0.4449716638],"iteration":549,"passed_time":3.583990677,"remaining_time":2.932356008},
{"learn":[0.4449586285],"iteration":550,"passed_time":3.590855994,"remaining_time":2.926124031},
{"learn":[0.4449434596],"iteration":551,"passed_time":3.596800386,"remaining_time":2.919142343},
{"learn":[0.4449229236],"iteration":552,"passed_time":3.603663308,"remaining_time":2.912906869},
{"learn":[0.4449084368],"iteration":553,"passed_time":3.610423812,"remaining_time":2.906586679},
{"learn":[0.444902884],"iteration":554,"passed_time":3.617084354,"remaining_time":2.900184752},
{"learn":[0.4448895252],"iteration":555,"passed_time":3.623866636,"remaining_time":2.893879112},
{"learn":[0.4448737879],"iteration":556,"passed_time":3.631005897,"remaining_time":2.887855677},
{"learn":[0.4448677208],"iteration":557,"passed_time":3.638214464,"remaining_time":2.881883141},
{"learn":[0.4448509322],"iteration":558,"passed_time":3.644236092,"remaining_time":2.874969797},
{"learn":[0.444840438],"iteration":559,"passed_time":3.651471247,"remaining_time":2.869013123},
{"learn":[0.4448306728],"iteration":560,"passed_time":3.657645371,"remaining_time":2.8622216},
{"learn":[0.4448135396],"iteration":561,"passed_time":3.663746392,"remaining_time":2.855375302},
{"learn":[0.4448072088],"iteration":562,"passed_time":3.670564943,"remaining_time":2.849088597},
{"learn":[0.4447961832],"iteration":563,"passed_time":3.677305005,"remaining_time":2.84273933},
{"learn":[0.4447869035],"iteration":564,"passed_time":3.684401046,"remaining_time":2.836662752},
{"learn":[0.4447792771],"iteration":565,"passed_time":3.690899345,"remaining_time":2.830124232},
{"learn":[0.4447645177],"iteration":566,"passed_time":3.697817109,"remaining_time":2.823906188},
{"learn":[0.4447515451],"iteration":567,"passed_time":3.705070907,"remaining_time":2.817941253},
{"learn":[0.4447406673],"iteration":568,"passed_time":3.710849634,"remaining_time":2.810854468},
{"learn":[0.4447297272],"iteration":569,"passed_time":3.716401312,"remaining_time":2.80360099},
{"learn":[0.4447194536],"iteration":570,"passed_time":3.72366229,"remaining_time":2.797637692},
{"learn":[0.4447102806],"iteration":571,"passed_time":3.730801049,"remaining_time":2.791578407},
{"learn":[0.4446978128],"iteration":572,"passed_time":3.737968141,"remaining_time":2.785536468},
{"learn":[0.4446812744],"iteration":573,"passed_time":3.744489003,"remaining_time":2.779011002},
{"learn":[0.4445638357],"iteration":574,"passed_time":3.751622492,"remaining_time":2.772938364},
{"learn":[0.444547243],"iteration":575,"passed_time":3.757301601,"remaining_time":2.765791456},
{"learn":[0.4445289209],"iteration":576,"passed_time":3.763942722,"remaining_time":2.75935489},
{"learn":[0.4445215366],"iteration":577,"passed_time":3.770925929,"remaining_time":2.753167374},
{"learn":[0.4445073018],"iteration":578,"passed_time":3.776994697,"remaining_time":2.746312206},
{"learn":[0.4444937913],"iteration":579,"passed_time":3.784375474,"remaining_time":2.740409826},
{"learn":[0.444482777],"iteration":580,"passed_time":3.791545236,"remaining_time":2.734350179},
{"learn":[0.4444624986],"iteration":581,"passed_time":3.79777959,"remaining_time":2.727614895},
{"learn":[0.4444496303],"iteration":582,"passed_time":3.804055687,"remaining_time":2.720911186},
{"learn":[0.4444425937],"iteration":583,"passed_time":3.811572507,"remaining_time":2.715092744},
{"learn":[0.4444305797],"iteration":584,"passed_time":3.819418174,"remaining_time":2.709501782},
{"learn":[0.4444161035],"iteration":585,"passed_time":3.825905916,"remaining_time":2.70294377},
{"learn":[0.4444082334],"iteration":586,"passed_time":3.834301292,"remaining_time":2.697728166},
{"learn":[0.4443914179],"iteration":587,"passed_time":3.842135991,"remaining_time":2.692108892},
{"learn":[0.4443844797],"iteration":588,"passed_time":3.850665443,"remaining_time":2.686966888},
{"learn":[0.4443675445],"iteration":589,"passed_time":3.858100764,"remaining_time":2.681053073},
{"learn":[0.4443505388],"iteration":590,"passed_time":3.863995165,"remaining_time":2.67406772},
{"learn":[0.444334232],"iteration":591,"passed_time":3.870131311,"remaining_time":2.667252661},
{"learn":[0.4443211724],"iteration":592,"passed_time":3.876760093,"remaining_time":2.660778006},
{"learn":[0.4443100785],"iteration":593,"passed_time":3.883812847,"remaining_time":2.65459262},
{"learn":[0.4442958063],"iteration":594,"passed_time":3.890756724,"remaining_time":2.648330207},
{"learn":[0.4442847643],"iteration":595,"passed_time":3.896913054,"remaining_time":2.641531668},
{"learn":[0.4442733881],"iteration":596,"passed_time":3.902769229,"remaining_time":2.634532662},
{"learn":[0.4442599653],"iteration":597,"passed_time":3.908788384,"remaining_time":2.627647041},
{"learn":[0.4442394751],"iteration":598,"passed_time":3.914515656,"remaining_time":2.620568912},
{"learn":[0.4442296689],"iteration":599,"passed_time":3.92151714,"remaining_time":2.61434476},
{"learn":[0.4442178796],"iteration":600,"passed_time":3.928980229,"remaining_time":2.608424478},
{"learn":[0.4442037674],"iteration":601,"passed_time":3.93683917,"remaining_time":2.60276078},
{"learn":[0.4441951112],"iteration":602,"passed_time":3.943373129,"remaining_time":2.596217466},
{"learn":[0.4441848737],"iteration":603,"passed_time":3.949295629,"remaining_time":2.589273293},
{"learn":[0.4441702794],"iteration":604,"passed_time":3.955051077,"remaining_time":2.58222343},
{"learn":[0.4441589645],"iteration":605,"passed_time":3.961919986,"remaining_time":2.575901773},
{"learn":[0.4441482573],"iteration":606,"passed_time":3.967687664,"remaining_time":2.568865324},
{"learn":[0.4441385273],"iteration":607,"passed_time":3.973461237,"remaining_time":2.56183685},
{"learn":[0.4441156904],"iteration":608,"passed_time":3.980589068,"remaining_time":2.55568198},
{"learn":[0.4441040058],"iteration":609,"passed_time":3.986089722,"remaining_time":2.548483593},
{"learn":[0.4440900319],"iteration":610,"passed_time":3.992892683,"remaining_time":2.542119892},
{"learn":[0.4440793411],"iteration":611,"passed_time":3.999151172,"remaining_time":2.535409567},
{"learn":[0.4440670601],"iteration":612,"passed_time":4.00542944,"remaining_time":2.528713203},
{"learn":[0.4440562527],"iteration":613,"passed_time":4.011953254,"remaining_time":2.522172567},
{"learn":[0.4440454091],"iteration":614,"passed_time":4.018066083,"remaining_time":2.515374702},
{"learn":[0.4440381112],"iteration":615,"passed_time":4.024474056,"remaining_time":2.508763048},
{"learn":[0.4440241485],"iteration":616,"passed_time":4.030334268,"remaining_time":2.501812034},
{"learn":[0.4440107964],"iteration":617,"passed_time":4.036293139,"remaining_time":2.494925532},
{"learn":[0.4440028438],"iteration":618,"passed_time":4.041863397,"remaining_time":2.487802834},
{"learn":[0.4439903705],"iteration":619,"passed_time":4.048809053,"remaining_time":2.481528129},
{"learn":[0.4439855867],"iteration":620,"passed_time":4.055555107,"remaining_time":2.475129445},
{"learn":[0.4439805358],"iteration":621,"passed_time":4.064535541,"remaining_time":2.470087515},
{"learn":[0.4439729775],"iteration":622,"passed_time":4.071540367,"remaining_time":2.463837429},
{"learn":[0.4439626935],"iteration":623,"passed_time":4.077731783,"remaining_time":2.457094793},
{"learn":[0.4439537599],"iteration":624,"passed_time":4.083121925,"remaining_time":2.449873155},
{"learn":[0.4439411124],"iteration":625,"passed_time":4.088963376,"remaining_time":2.442927001},
{"learn":[0.4439257216],"iteration":626,"passed_time":4.094453768,"remaining_time":2.435775527},
{"learn":[0.443908871],"iteration":627,"passed_time":4.099961333,"remaining_time":2.428639516},
{"learn":[0.4438915121],"iteration":628,"passed_time":4.105760538,"remaining_time":2.421680699},
{"learn":[0.4438833832],"iteration":629,"passed_time":4.112796552,"remaining_time":2.415451943},
{"learn":[0.4438712505],"iteration":630,"passed_time":4.11850944,"remaining_time":2.408446883},
{"learn":[0.4438617886],"iteration":631,"passed_time":4.125294125,"remaining_time":2.402069997},
{"learn":[0.4438521075],"iteration":632,"passed_time":4.131941052,"remaining_time":2.395611953},
{"learn":[0.4438459481],"iteration":633,"passed_time":4.138624511,"remaining_time":2.389174402},
{"learn":[0.4438343031],"iteration":634,"passed_time":4.144898791,"remaining_time":2.38250088},
{"learn":[0.4438251313],"iteration":635,"passed_time":4.150830178,"remaining_time":2.375632366},
{"learn":[0.4438142988],"iteration":636,"passed_time":4.158031459,"remaining_time":2.369490455},
{"learn":[0.4438048184],"iteration":637,"passed_time":4.164218007,"remaining_time":2.362769465},
{"learn":[0.4437906445],"iteration":638,"passed_time":4.170306954,"remaining_time":2.355995008},
{"learn":[0.4437739865],"iteration":639,"passed_time":4.1758512,"remaining_time":2.3489163},
{"learn":[0.4437637539],"iteration":640,"passed_time":4.182797827,"remaining_time":2.3426278},
{"learn":[0.4437522598],"iteration":641,"passed_time":4.188276956,"remaining_time":2.335518925},
{"learn":[0.4437435041],"iteration":642,"passed_time":4.19516218,"remaining_time":2.329195798},
{"learn":[0.4437347351],"iteration":643,"passed_time":4.200832221,"remaining_time":2.322199178},
{"learn":[0.4437227143],"iteration":644,"passed_time":4.207612142,"remaining_time":2.315817535},
{"learn":[0.4437056828],"iteration":645,"passed_time":4.213592231,"remaining_time":2.308996362},
{"learn":[0.4436920921],"iteration":646,"passed_time":4.219165708,"remaining_time":2.301955943},
{"learn":[0.4436794334],"iteration":647,"passed_time":4.225071267,"remaining_time":2.295100441},
{"learn":[0.4436680079],"iteration":648,"passed_time":4.231164956,"remaining_time":2.288349614},
{"learn":[0.4436535441],"iteration":649,"passed_time":4.237070364,"remaining_time":2.281499427},
{"learn":[0.4436464631],"iteration":650,"passed_time":4.242780217,"remaining_time":2.274547305},
{"learn":[0.4436340087],"iteration":651,"passed_time":4.249771489,"remaining_time":2.268282942},
{"learn":[0.4436281109],"iteration":652,"passed_time":4.256736902,"remaining_time":2.262002611},
{"learn":[0.4436168312],"iteration":653,"passed_time":4.262319552,"remaining_time":2.254988632},
{"learn":[0.4436114855],"iteration":654,"passed_time":4.26901388,"remaining_time":2.248564563},
{"learn":[0.4436009931],"iteration":655,"passed_time":4.274770744,"remaining_time":2.241648073},
{"learn":[0.4435908315],"iteration":656,"passed_time":4.281036103,"remaining_time":2.235000584},
{"learn":[0.4435842753],"iteration":657,"passed_time":4.288233153,"remaining_time":2.228838508},
{"learn":[0.4435752666],"iteration":658,"passed_time":4.295260248,"remaining_time":2.222585349},
{"learn":[0.4435659661],"iteration":659,"passed_time":4.301054323,"remaining_time":2.215694651},
{"learn":[0.4435562046],"iteration":660,"passed_time":4.3068864,"remaining_time":2.208826762},
{"learn":[0.4435431926],"iteration":661,"passed_time":4.313083737,"remaining_time":2.202148494},
{"learn":[0.443530596],"iteration":662,"passed_time":4.318656007,"remaining_time":2.195153958},
{"learn":[0.4435238487],"iteration":663,"passed_time":4.324570391,"remaining_time":2.188336824},
{"learn":[0.4435143296],"iteration":664,"passed_time":4.331857645,"remaining_time":2.182214002},
{"learn":[0.4435046425],"iteration":665,"passed_time":4.338298327,"remaining_time":2.175663125},
{"learn":[0.4434953019],"iteration":666,"passed_time":4.34534649,"remaining_time":2.169415864},
{"learn":[0.4434825012],"iteration":667,"passed_time":4.351286924,"remaining_time":2.162615657},
{"learn":[0.4434742681],"iteration":668,"passed_time":4.357726039,"remaining_time":2.156064752},
{"learn":[0.443462397],"iteration":669,"passed_time":4.364563548,"remaining_time":2.149710404},
{"learn":[0.4434573361],"iteration":670,"passed_time":4.371418495,"remaining_time":2.143363167},
{"learn":[0.4434517145],"iteration":671,"passed_time":4.378057785,"remaining_time":2.136909157},
{"learn":[0.4434421265],"iteration":672,"passed_time":4.384056858,"remaining_time":2.130143525},
{"learn":[0.4434305773],"iteration":673,"passed_time":4.389842447,"remaining_time":2.123276911},
{"learn":[0.4434201857],"iteration":674,"passed_time":4.396756416,"remaining_time":2.116956793},
{"learn":[0.4434009481],"iteration":675,"passed_time":4.403841399,"remaining_time":2.110716884},
{"learn":[0.4433897538],"iteration":676,"passed_time":4.410634228,"remaining_time":2.10433509},
{"learn":[0.4433790398],"iteration":677,"passed_time":4.416548855,"remaining_time":2.097535002},
{"learn":[0.4433627374],"iteration":678,"passed_time":4.423033299,"remaining_time":2.091006906},
{"learn":[0.4433545159],"iteration":679,"passed_time":4.429901236,"remaining_time":2.084659405},
{"learn":[0.4432626199],"iteration":680,"passed_time":4.436921391,"remaining_time":2.078381679},
{"learn":[0.4432537629],"iteration":681,"passed_time":4.44321671,"remaining_time":2.071763803},
{"learn":[0.4432466591],"iteration":682,"passed_time":4.448754012,"remaining_time":2.064795054},
{"learn":[0.4432369486],"iteration":683,"passed_time":4.454064116,"remaining_time":2.057725527},
{"learn":[0.4432292505],"iteration":684,"passed_time":4.460189834,"remaining_time":2.051036201},
{"learn":[0.4432191513],"iteration":685,"passed_time":4.466977343,"remaining_time":2.044651437},
{"learn":[0.4432131242],"iteration":686,"passed_time":4.47328893,"remaining_time":2.038048668},
{"learn":[0.4432022471],"iteration":687,"passed_time":4.480316298,"remaining_time":2.031771345},
{"learn":[0.4431915166],"iteration":688,"passed_time":4.486004954,"remaining_time":2.024887577},
{"learn":[0.4431852313],"iteration":689,"passed_time":4.492202267,"remaining_time":2.018235801},
{"learn":[0.4431804039],"iteration":690,"passed_time":4.499144628,"remaining_time":2.011918509},
{"learn":[0.4431698094],"iteration":691,"passed_time":4.505183886,"remaining_time":2.005197452},
{"learn":[0.4431598082],"iteration":692,"passed_time":4.511186793,"remaining_time":1.998462259},
{"learn":[0.443150811],"iteration":693,"passed_time":4.517375284,"remaining_time":1.991811004},
{"learn":[0.4431353421],"iteration":694,"passed_time":4.523133326,"remaining_time":1.984972179},
{"learn":[0.4431277163],"iteration":695,"passed_time":4.52899667,"remaining_time":1.978182453},
{"learn":[0.4431206251],"iteration":696,"passed_time":4.535895921,"remaining_time":1.971845716},
{"learn":[0.443107165],"iteration":697,"passed_time":4.54185879,"remaining_time":1.965102227},
{"learn":[0.4430948119],"iteration":698,"passed_time":4.54765714,"remaining_time":1.958290128},
{"learn":[0.4430867198],"iteration":699,"passed_time":4.554726248,"remaining_time":1.952025535},
{"learn":[0.4430774344],"iteration":700,"passed_time":4.560179032,"remaining_time":1.945069231},
{"learn":[0.4430615025],"iteration":701,"passed_time":4.565869449,"remaining_time":1.938218085},
{"learn":[0.4430536203],"iteration":702,"passed_time":4.572770247,"remaining_time":1.931881598},
{"learn":[0.443047102],"iteration":703,"passed_time":4.578278302,"remaining_time":1.924957922},
{"learn":[0.4430362824],"iteration":704,"passed_time":4.584414286,"remaining_time":1.918301013},
{"learn":[0.4430321168],"iteration":705,"passed_time":4.59145022,"remaining_time":1.912020347},
{"learn":[0.4430262591],"iteration":706,"passed_time":4.597790036,"remaining_time":1.905449053},
{"learn":[0.4430207408],"iteration":707,"passed_time":4.604736014,"remaining_time":1.899128413},
{"learn":[0.4430094934],"iteration":708,"passed_time":4.611928041,"remaining_time":1.892906996},
{"learn":[0.4430016202],"iteration":709,"passed_time":4.618425849,"remaining_time":1.88639929},
{"learn":[0.4429982448],"iteration":710,"passed_time":4.624512517,"remaining_time":1.879724497},
{"learn":[0.4429886349],"iteration":711,"passed_time":4.630184306,"remaining_time":1.872883539},
{"learn":[0.4429812714],"iteration":712,"passed_time":4.635651497,"remaining_time":1.865963506},
{"learn":[0.4429662055],"iteration":713,"passed_time":4.641585229,"remaining_time":1.859234419},
{"learn":[0.4429572319],"iteration":714,"passed_time":4.647449317,"remaining_time":1.852479798},
{"learn":[0.4429475946],"iteration":715,"passed_time":4.652975325,"remaining_time":1.845593565},
{"learn":[0.4429338308],"iteration":716,"passed_time":4.65874491,"remaining_time":1.838807266},
{"learn":[0.4429221266],"iteration":717,"passed_time":4.664689631,"remaining_time":1.832092585},
{"learn":[0.4429112494],"iteration":718,"passed_time":4.671212782,"remaining_time":1.825606108},
{"learn":[0.4429007624],"iteration":719,"passed_time":4.676679761,"remaining_time":1.818708796},
{"learn":[0.4428923131],"iteration":720,"passed_time":4.683611797,"remaining_time":1.812382373},
{"learn":[0.4428857105],"iteration":721,"passed_time":4.689754888,"remaining_time":1.805750497},
{"learn":[0.4428752916],"iteration":722,"passed_time":4.695613702,"remaining_time":1.799011059},
{"learn":[0.4428615899],"iteration":723,"passed_time":4.701172783,"remaining_time":1.79215979},
{"learn":[0.4428531052],"iteration":724,"passed_time":4.706666187,"remaining_time":1.785287174},
{"learn":[0.4428433495],"iteration":725,"passed_time":4.712949888,"remaining_time":1.778716624},
{"learn":[0.4428357249],"iteration":726,"passed_time":4.719239226,"remaining_time":1.77214898},
{"learn":[0.4428273974],"iteration":727,"passed_time":4.725237687,"remaining_time":1.765473422},
{"learn":[0.4428157555],"iteration":728,"passed_time":4.73206606,"remaining_time":1.759108234},
{"learn":[0.4428064967],"iteration":729,"passed_time":4.739112733,"remaining_time":1.752822518},
{"learn":[0.4427916598],"iteration":730,"passed_time":4.744907068,"remaining_time":1.746073873},
{"learn":[0.4427855147],"iteration":731,"passed_time":4.751522893,"remaining_time":1.7396286},
{"learn":[0.4427777251],"iteration":732,"passed_time":4.756822575,"remaining_time":1.732703448},
{"learn":[0.4427646275],"iteration":733,"passed_time":4.763065037,"remaining_time":1.726124387},
{"learn":[0.4427564123],"iteration":734,"passed_time":4.769920165,"remaining_time":1.719767134},
{"learn":[0.4427397377],"iteration":735,"passed_time":4.775863288,"remaining_time":1.713081397},
{"learn":[0.4427323307],"iteration":736,"passed_time":4.782365085,"remaining_time":1.706597038},
{"learn":[0.4427272275],"iteration":737,"passed_time":4.78925688,"remaining_time":1.700251087},
{"learn":[0.4427178969],"iteration":738,"passed_time":4.794858633,"remaining_time":1.693448042},
{"learn":[0.4427107093],"iteration":739,"passed_time":4.801194349,"remaining_time":1.686906123},
{"learn":[0.4426998882],"iteration":740,"passed_time":4.806958482,"remaining_time":1.680164976},
{"learn":[0.4426934165],"iteration":741,"passed_time":4.813645934,"remaining_time":1.673747508},
{"learn":[0.4426845117],"iteration":742,"passed_time":4.819197849,"remaining_time":1.666936537},
{"learn":[0.44267513],"iteration":743,"passed_time":4.827541746,"remaining_time":1.661089633},
{"learn":[0.4426661333],"iteration":744,"passed_time":4.833314237,"remaining_time":1.65435588},
{"learn":[0.4426584794],"iteration":745,"passed_time":4.840301218,"remaining_time":1.648038216},
{"learn":[0.4426526434],"iteration":746,"passed_time":4.845976131,"remaining_time":1.641274379},
{"learn":[0.442641856],"iteration":747,"passed_time":4.85181848,"remaining_time":1.634569862},
{"learn":[0.4426346963],"iteration":748,"passed_time":4.858560551,"remaining_time":1.628169157},
{"learn":[0.442623752],"iteration":749,"passed_time":4.865093181,"remaining_time":1.621697727},
{"learn":[0.4426102482],"iteration":750,"passed_time":4.870742671,"remaining_time":1.614933323},
{"learn":[0.4425985213],"iteration":751,"passed_time":4.876412704,"remaining_time":1.608178658},
{"learn":[0.4425870415],"iteration":752,"passed_time":4.882302144,"remaining_time":1.601498844},
{"learn":[0.4425790183],"iteration":753,"passed_time":4.889132963,"remaining_time":1.595128261},
{"learn":[0.4425706924],"iteration":754,"passed_time":4.896022989,"remaining_time":1.588775672},
{"learn":[0.4425636566],"iteration":755,"passed_time":4.902051988,"remaining_time":1.582143763},
{"learn":[0.4425486502],"iteration":756,"passed_time":4.908518588,"remaining_time":1.575653919},
{"learn":[0.442534468],"iteration":757,"passed_time":4.914499908,"remaining_time":1.569009205},
{"learn":[0.4425294203],"iteration":758,"passed_time":4.921040865,"remaining_time":1.562543937},
{"learn":[0.4425192115],"iteration":759,"passed_time":4.928558352,"remaining_time":1.556386848},
{"learn":[0.4425117085],"iteration":760,"passed_time":4.935264679,"remaining_time":1.54997143},
{"learn":[0.4425009691],"iteration":761,"passed_time":4.94126176,"remaining_time":1.543333726},
{"learn":[0.4424852879],"iteration":762,"passed_time":4.948205181,"remaining_time":1.536991649},
{"learn":[0.4424741068],"iteration":763,"passed_time":4.954491122,"remaining_time":1.530444902},
{"learn":[0.4424646835],"iteration":764,"passed_time":4.960567674,"remaining_time":1.523834514},
{"learn":[0.4424545941],"iteration":765,"passed_time":4.96649155,"remaining_time":1.517178881},
{"learn":[0.4424474423],"iteration":766,"passed_time":4.972869532,"remaining_time":1.510663104},
{"learn":[0.4424401335],"iteration":767,"passed_time":4.979892807,"remaining_time":1.504342619},
{"learn":[0.4424261533],"iteration":768,"passed_time":4.987046343,"remaining_time":1.498059435},
{"learn":[0.4424176342],"iteration":769,"passed_time":4.992882448,"remaining_time":1.491380471},
{"learn":[0.4424106892],"iteration":770,"passed_time":4.998654699,"remaining_time":1.484684729},
{"learn":[0.4424015646],"iteration":771,"passed_time":5.005382694,"remaining_time":1.478273645},
{"learn":[0.4423958597],"iteration":772,"passed_time":5.012053294,"remaining_time":1.471844887},
{"learn":[0.4423789516],"iteration":773,"passed_time":5.017780104,"remaining_time":1.465139927},
{"learn":[0.4423714514],"iteration":774,"passed_time":5.023261206,"remaining_time":1.458366157},
{"learn":[0.4423644914],"iteration":775,"passed_time":5.028948418,"remaining_time":1.451655214},
{"learn":[0.4423542309],"iteration":776,"passed_time":5.034462261,"remaining_time":1.444897148},
{"learn":[0.4423447618],"iteration":777,"passed_time":5.041024017,"remaining_time":1.4384413},
{"learn":[0.4423352301],"iteration":778,"passed_time":5.047681283,"remaining_time":1.432012277},
{"learn":[0.4423245174],"iteration":779,"passed_time":5.053781426,"remaining_time":1.42542553},
{"learn":[0.4423101263],"iteration":780,"passed_time":5.05961343,"remaining_time":1.418764841},
{"learn":[0.4423044619],"iteration":781,"passed_time":5.066240151,"remaining_time":1.412327817},
{"learn":[0.4422933258],"iteration":782,"passed_time":5.072192074,"remaining_time":1.405703295},
{"learn":[0.4422792925],"iteration":783,"passed_time":5.078914196,"remaining_time":1.399292687},
{"learn":[0.4422754789],"iteration":784,"passed_time":5.085759014,"remaining_time":1.392914889},
{"learn":[0.4422623384],"iteration":785,"passed_time":5.09212946,"remaining_time":1.386406749},
{"learn":[0.4422551686],"iteration":786,"passed_time":5.09833423,"remaining_time":1.379854118},
{"learn":[0.4422461003],"iteration":787,"passed_time":5.104188971,"remaining_time":1.3732082},
{"learn":[0.442238253],"iteration":788,"passed_time":5.111116644,"remaining_time":1.366851219},
{"learn":[0.4422315233],"iteration":789,"passed_time":5.11718131,"remaining_time":1.360263386},
{"learn":[0.442226598],"iteration":790,"passed_time":5.123937547,"remaining_time":1.353859605},
{"learn":[0.4422210127],"iteration":791,"passed_time":5.130314522,"remaining_time":1.347355329},
{"learn":[0.442213345],"iteration":792,"passed_time":5.136270548,"remaining_time":1.340741492},
{"learn":[0.4422004354],"iteration":793,"passed_time":5.142325718,"remaining_time":1.334155035},
{"learn":[0.4421971963],"iteration":794,"passed_time":5.149125341,"remaining_time":1.32776188},
{"learn":[0.4421900667],"iteration":795,"passed_time":5.154659489,"remaining_time":1.321043387},
{"learn":[0.4421817911],"iteration":796,"passed_time":5.160686659,"remaining_time":1.31445344},
{"learn":[0.4421745361],"iteration":797,"passed_time":5.167515538,"remaining_time":1.308067843},
{"learn":[0.4421627615],"iteration":798,"passed_time":5.173304352,"remaining_time":1.301419493},
{"learn":[0.4421563292],"iteration":799,"passed_time":5.179833368,"remaining_time":1.294958342},
{"learn":[0.442151937],"iteration":800,"passed_time":5.185961802,"remaining_time":1.288397501},
{"learn":[0.4421424736],"iteration":801,"passed_time":5.192903351,"remaining_time":1.282038483},
{"learn":[0.4421297527],"iteration":802,"passed_time":5.198929512,"remaining_time":1.275453442},
{"learn":[0.4421182884],"iteration":803,"passed_time":5.205073396,"remaining_time":1.26889849},
{"learn":[0.4421091689],"iteration":804,"passed_time":5.210889765,"remaining_time":1.262265223},
{"learn":[0.442101008],"iteration":805,"passed_time":5.217517966,"remaining_time":1.255829386},
{"learn":[0.442094122],"iteration":806,"passed_time":5.225931644,"remaining_time":1.249820083},
{"learn":[0.442083011],"iteration":807,"passed_time":5.231717389,"remaining_time":1.24318037},
{"learn":[0.4420775551],"iteration":808,"passed_time":5.237881577,"remaining_time":1.236632115},
{"learn":[0.4420676816],"iteration":809,"passed_time":5.243640001,"remaining_time":1.22998963},
{"learn":[0.4420608701],"iteration":810,"passed_time":5.249826447,"remaining_time":1.223449073},
{"learn":[0.4420508928],"iteration":811,"passed_time":5.256508061,"remaining_time":1.217024034},
{"learn":[0.4420418575],"iteration":812,"passed_time":5.262705651,"remaining_time":1.210487032},
{"learn":[0.4420267615],"iteration":813,"passed_time":5.268850996,"remaining_time":1.203938925},
{"learn":[0.4420188945],"iteration":814,"passed_time":5.275794049,"remaining_time":1.197572882},
{"learn":[0.4420109218],"iteration":815,"passed_time":5.28142766,"remaining_time":1.190910159},
{"learn":[0.4420021415],"iteration":816,"passed_time":5.287463473,"remaining_time":1.184340044},
{"learn":[0.4419930345],"iteration":817,"passed_time":5.294653293,"remaining_time":1.178027994},
{"learn":[0.4419845851],"iteration":818,"passed_time":5.302822855,"remaining_time":1.171930326},
{"learn":[0.4419766646],"iteration":819,"passed_time":5.310330207,"remaining_time":1.165682241},
{"learn":[0.4419721153],"iteration":820,"passed_time":5.319072721,"remaining_time":1.159700386},
{"learn":[0.4419660125],"iteration":821,"passed_time":5.32827129,"remaining_time":1.153810571},
{"learn":[0.4419599229],"iteration":822,"passed_time":5.336230793,"remaining_time":1.147646234},
{"learn":[0.4419536072],"iteration":823,"passed_time":5.343562383,"remaining_time":1.141343422},
{"learn":[0.4419434487],"iteration":824,"passed_time":5.350986313,"remaining_time":1.135057703},
{"learn":[0.4419367703],"iteration":825,"passed_time":5.35824291,"remaining_time":1.128733979},
{"learn":[0.4419298846],"iteration":826,"passed_time":5.365351754,"remaining_time":1.12237709},
{"learn":[0.4419214043],"iteration":827,"passed_time":5.372420629,"remaining_time":1.116010082},
{"learn":[0.4419115278],"iteration":828,"passed_time":5.37917044,"remaining_time":1.109575567},
{"learn":[0.4419071654],"iteration":829,"passed_time":5.38630905,"remaining_time":1.103219926},
{"learn":[0.4418996377],"iteration":830,"passed_time":5.393313884,"remaining_time":1.096835194},
{"learn":[0.441894105],"iteration":831,"passed_time":5.400518833,"remaining_time":1.09048938},
{"learn":[0.4418874101],"iteration":832,"passed_time":5.407464973,"remaining_time":1.084089617},
{"learn":[0.441881371],"iteration":833,"passed_time":5.41411901,"remaining_time":1.077630403},
{"learn":[0.4418737404],"iteration":834,"passed_time":5.420749692,"remaining_time":1.071166107},
{"learn":[0.4418663485],"iteration":835,"passed_time":5.427110913,"remaining_time":1.064648552},
{"learn":[0.4418636193],"iteration":836,"passed_time":5.434066707,"remaining_time":1.05824716},
{"learn":[0.4418568981],"iteration":837,"passed_time":5.440876803,"remaining_time":1.051816279},
{"learn":[0.441850149],"iteration":838,"passed_time":5.447438592,"remaining_time":1.045336845},
{"learn":[0.4418300185],"iteration":839,"passed_time":5.453292364,"remaining_time":1.038722355},
{"learn":[0.4418237089],"iteration":840,"passed_time":5.459438387,"remaining_time":1.032164927},
{"learn":[0.4418149874],"iteration":841,"passed_time":5.466393039,"remaining_time":1.025760214},
{"learn":[0.4418077592],"iteration":842,"passed_time":5.47208075,"remaining_time":1.019118242},
{"learn":[0.4418005634],"iteration":843,"passed_time":5.478670195,"remaining_time":1.012645202},
{"learn":[0.441787871],"iteration":844,"passed_time":5.484322618,"remaining_time":1.006000007},
{"learn":[0.4417805206],"iteration":845,"passed_time":5.491287294,"remaining_time":0.9995960323},
{"learn":[0.4417716659],"iteration":846,"passed_time":5.497184521,"remaining_time":0.9929979123},
{"learn":[0.4417564695],"iteration":847,"passed_time":5.504249934,"remaining_time":0.9866108372},
{"learn":[0.4417494606],"iteration":848,"passed_time":5.511181632,"remaining_time":0.9801983822},
{"learn":[0.4417445349],"iteration":849,"passed_time":5.51711438,"remaining_time":0.9736084201},
{"learn":[0.4417407202],"iteration":850,"passed_time":5.523969796,"remaining_time":0.9671815506},
{"learn":[0.4417347554],"iteration":851,"passed_time":5.529470419,"remaining_time":0.9605183357},
{"learn":[0.4417236973],"iteration":852,"passed_time":5.535153516,"remaining_time":0.9538892928},
{"learn":[0.4417167677],"iteration":853,"passed_time":5.540992292,"remaining_time":0.9472890804},
{"learn":[0.441708552],"iteration":854,"passed_time":5.5468829,"remaining_time":0.9406994393},
{"learn":[0.4417043141],"iteration":855,"passed_time":5.553849563,"remaining_time":0.9342924498},
{"learn":[0.441693926],"iteration":856,"passed_time":5.560138221,"remaining_time":0.9277710217},
{"learn":[0.4416850664],"iteration":857,"passed_time":5.566848564,"remaining_time":0.9213199255},
{"learn":[0.4416771928],"iteration":858,"passed_time":5.573047469,"remaining_time":0.914784276},
{"learn":[0.4416678935],"iteration":859,"passed_time":5.578707248,"remaining_time":0.908161645},
{"learn":[0.4416617911],"iteration":860,"passed_time":5.586476942,"remaining_time":0.9018818756},
{"learn":[0.4416566741],"iteration":861,"passed_time":5.593691401,"remaining_time":0.8955097602},
{"learn":[0.4416519017],"iteration":862,"passed_time":5.59967554,"remaining_time":0.8889403812},
{"learn":[0.4416479793],"iteration":863,"passed_time":5.606538746,"remaining_time":0.8825107285},
{"learn":[0.4416450595],"iteration":864,"passed_time":5.613204755,"remaining_time":0.8760492971},
{"learn":[0.4416346531],"iteration":865,"passed_time":5.618811612,"remaining_time":0.8694235058},
{"learn":[0.4416264801],"iteration":866,"passed_time":5.625665443,"remaining_time":0.8629913541},
{"learn":[0.4416157363],"iteration":867,"passed_time":5.631648884,"remaining_time":0.8564258671},
{"learn":[0.4416042995],"iteration":868,"passed_time":5.637296381,"remaining_time":0.849811077},
{"learn":[0.441598802],"iteration":869,"passed_time":5.643255985,"remaining_time":0.8432451472},
{"learn":[0.4415876601],"iteration":870,"passed_time":5.651004313,"remaining_time":0.8369455297},
{"learn":[0.4415821338],"iteration":871,"passed_time":5.65987092,"remaining_time":0.8308067406},
{"learn":[0.4415739383],"iteration":872,"passed_time":5.666379117,"remaining_time":0.8243186115},
{"learn":[0.441564346],"iteration":873,"passed_time":5.672618358,"remaining_time":0.8177916626},
{"learn":[0.4415548527],"iteration":874,"passed_time":5.67839965,"remaining_time":0.81119995},
{"learn":[0.4415467071],"iteration":875,"passed_time":5.685378423,"remaining_time":0.8047795941},
{"learn":[0.4415422389],"iteration":876,"passed_time":5.692158362,"remaining_time":0.7983300781},
{"learn":[0.4415245646],"iteration":877,"passed_time":5.698056887,"remaining_time":0.791757335},
{"learn":[0.4415184783],"iteration":878,"passed_time":5.704189304,"remaining_time":0.7852183228},
{"learn":[0.4415049139],"iteration":879,"passed_time":5.710542612,"remaining_time":0.7787103562},
{"learn":[0.4414977813],"iteration":880,"passed_time":5.717430164,"remaining_time":0.772274903},
{"learn":[0.4414928319],"iteration":881,"passed_time":5.72357356,"remaining_time":0.7657388663},
{"learn":[0.4414824489],"iteration":882,"passed_time":5.729997168,"remaining_time":0.7592408479},
{"learn":[0.4414750126],"iteration":883,"passed_time":5.735938741,"remaining_time":0.7526797443},
{"learn":[0.4414699538],"iteration":884,"passed_time":5.741514669,"remaining_time":0.7460725276},
{"learn":[0.4414631657],"iteration":885,"passed_time":5.746968162,"remaining_time":0.7394518854},
{"learn":[0.4414578821],"iteration":886,"passed_time":5.752762737,"remaining_time":0.7328773273},
{"learn":[0.441450662],"iteration":887,"passed_time":5.759752621,"remaining_time":0.7264552855},
{"learn":[0.4414448907],"iteration":888,"passed_time":5.765222726,"remaining_time":0.7198422076},
{"learn":[0.4414297915],"iteration":889,"passed_time":5.772172307,"remaining_time":0.7134145548},
{"learn":[0.4414230817],"iteration":890,"passed_time":5.778833926,"remaining_time":0.7069505027},
{"learn":[0.4414179208],"iteration":891,"passed_time":5.784309563,"remaining_time":0.7003424135},
{"learn":[0.4414119561],"iteration":892,"passed_time":5.789891386,"remaining_time":0.6937495838},
{"learn":[0.4414034631],"iteration":893,"passed_time":5.795841365,"remaining_time":0.6872026675},
{"learn":[0.4413974394],"iteration":894,"passed_time":5.801768128,"remaining_time":0.6806543613},
{"learn":[0.4413930782],"iteration":895,"passed_time":5.808790546,"remaining_time":0.6742346169},
{"learn":[0.4413866871],"iteration":896,"passed_time":5.814422047,"remaining_time":0.6676538137},
{"learn":[0.441374565],"iteration":897,"passed_time":5.82007628,"remaining_time":0.6610777066},
{"learn":[0.4413656063],"iteration":898,"passed_time":5.826125505,"remaining_time":0.6545480267},
{"learn":[0.441350566],"iteration":899,"passed_time":5.832441937,"remaining_time":0.6480491041},
{"learn":[0.4413480896],"iteration":900,"passed_time":5.839313327,"remaining_time":0.6416115643},
{"learn":[0.4413373484],"iteration":901,"passed_time":5.845720996,"remaining_time":0.6351226803},
{"learn":[0.4413251377],"iteration":902,"passed_time":5.852046764,"remaining_time":0.6286251784},
{"learn":[0.4413174534],"iteration":903,"passed_time":5.859081906,"remaining_time":0.6222033883},
{"learn":[0.4413080316],"iteration":904,"passed_time":5.864779542,"remaining_time":0.6156398414},
{"learn":[0.4413037424],"iteration":905,"passed_time":5.871901773,"remaining_time":0.6092260118},
{"learn":[0.4412951535],"iteration":906,"passed_time":5.8774162,"remaining_time":0.6026457625},
{"learn":[0.4412858806],"iteration":907,"passed_time":5.883831248,"remaining_time":0.5961591133},
{"learn":[0.4412767243],"iteration":908,"passed_time":5.890344441,"remaining_time":0.5896824468},
{"learn":[0.441266102],"iteration":909,"passed_time":5.897337735,"remaining_time":0.5832531826},
{"learn":[0.4412569534],"iteration":910,"passed_time":5.903550567,"remaining_time":0.576746433},
{"learn":[0.4412481487],"iteration":911,"passed_time":5.909807295,"remaining_time":0.5702445636},
{"learn":[0.4412450059],"iteration":912,"passed_time":5.91672893,"remaining_time":0.5638065902},
{"learn":[0.4412367336],"iteration":913,"passed_time":5.922557754,"remaining_time":0.557264734},
{"learn":[0.4412297894],"iteration":914,"passed_time":5.929501563,"remaining_time":0.5508280141},
{"learn":[0.4412237797],"iteration":915,"passed_time":5.935844352,"remaining_time":0.5443350715},
{"learn":[0.4412168216],"iteration":916,"passed_time":5.942412412,"remaining_time":0.5378628464},
{"learn":[0.4412053522],"iteration":917,"passed_time":5.948856896,"remaining_time":0.5313793741},
{"learn":[0.4411977411],"iteration":918,"passed_time":5.955528553,"remaining_time":0.5249160096},
{"learn":[0.4411952093],"iteration":919,"passed_time":5.962251812,"remaining_time":0.5184566793},
{"learn":[0.4411882005],"iteration":920,"passed_time":5.967691894,"remaining_time":0.5118867097},
{"learn":[0.4411808603],"iteration":921,"passed_time":5.97465375,"remaining_time":0.5054479312},
{"learn":[0.4411720964],"iteration":922,"passed_time":5.980845785,"remaining_time":0.4989437979},
{"learn":[0.4411643064],"iteration":923,"passed_time":5.988032142,"remaining_time":0.4925221242},
{"learn":[0.4411600655],"iteration":924,"passed_time":5.993617534,"remaining_time":0.4859689892},
{"learn":[0.4411510953],"iteration":925,"passed_time":6.00109046,"remaining_time":0.479568784},
{"learn":[0.4411445242],"iteration":926,"passed_time":6.007808107,"remaining_time":0.4731067873},
{"learn":[0.4411370474],"iteration":927,"passed_time":6.014475022,"remaining_time":0.4666403034},
{"learn":[0.4411239686],"iteration":928,"passed_time":6.020479054,"remaining_time":0.4601227264},
{"learn":[0.4411197054],"iteration":929,"passed_time":6.027437763,"remaining_time":0.4536781112},
{"learn":[0.4411070696],"iteration":930,"passed_time":6.033222781,"remaining_time":0.4471454048},
{"learn":[0.4411014846],"iteration":931,"passed_time":6.040181387,"remaining_time":0.4406999295},
{"learn":[0.4410943266],"iteration":932,"passed_time":6.046596497,"remaining_time":0.4342143251},
{"learn":[0.4410838274],"iteration":933,"passed_time":6.05244119,"remaining_time":0.4276885637},
{"learn":[0.4410193474],"iteration":934,"passed_time":6.059130521,"remaining_time":0.4212229774},
{"learn":[0.4410121415],"iteration":935,"passed_time":6.06491898,"remaining_time":0.4146953149},
{"learn":[0.440999243],"iteration":936,"passed_time":6.070648687,"remaining_time":0.4081652799},
{"learn":[0.4409949246],"iteration":937,"passed_time":6.077302103,"remaining_time":0.4016980068},
{"learn":[0.4409915513],"iteration":938,"passed_time":6.083870305,"remaining_time":0.3952248015},
{"learn":[0.4409823206],"iteration":939,"passed_time":6.090858908,"remaining_time":0.3887782282},
{"learn":[0.4409743321],"iteration":940,"passed_time":6.096782229,"remaining_time":0.3822637104},
{"learn":[0.4409710129],"iteration":941,"passed_time":6.103662266,"remaining_time":0.375809354},
{"learn":[0.4409662035],"iteration":942,"passed_time":6.109786628,"remaining_time":0.3693084176},
{"learn":[0.4409577775],"iteration":943,"passed_time":6.115399109,"remaining_time":0.3627779133},
{"learn":[0.4409445007],"iteration":944,"passed_time":6.121568364,"remaining_time":0.3562817566},
{"learn":[0.4409349634],"iteration":945,"passed_time":6.127698725,"remaining_time":0.349784071},
{"learn":[0.4409212565],"iteration":946,"passed_time":6.133296492,"remaining_time":0.3432573538},
{"learn":[0.4409136003],"iteration":947,"passed_time":6.138585918,"remaining_time":0.3367156833},
{"learn":[0.4409057001],"iteration":948,"passed_time":6.145691482,"remaining_time":0.3302742524},
{"learn":[0.4408988973],"iteration":949,"passed_time":6.15208659,"remaining_time":0.3237940311},
{"learn":[0.4408899868],"iteration":950,"passed_time":6.158019594,"remaining_time":0.3172901789},
{"learn":[0.4408790805],"iteration":951,"passed_time":6.163732911,"remaining_time":0.3107764493},
{"learn":[0.4408650541],"iteration":952,"passed_time":6.169299884,"remaining_time":0.3042571821},
{"learn":[0.4408560375],"iteration":953,"passed_time":6.174958778,"remaining_time":0.2977443436},
{"learn":[0.4408504262],"iteration":954,"passed_time":6.181454894,"remaining_time":0.2912727437},
{"learn":[0.4408417565],"iteration":955,"passed_time":6.187177093,"remaining_time":0.2847654729},
{"learn":[0.4408340469],"iteration":956,"passed_time":6.193900231,"remaining_time":0.2783048171},
{"learn":[0.4408278335],"iteration":957,"passed_time":6.199868601,"remaining_time":0.2718105232},
{"learn":[0.440823993],"iteration":958,"passed_time":6.206757449,"remaining_time":0.2653566793},
{"learn":[0.4408190413],"iteration":959,"passed_time":6.2134986,"remaining_time":0.258895775},
{"learn":[0.4408088714],"iteration":960,"passed_time":6.219190473,"remaining_time":0.2523917049},
{"learn":[0.4408008058],"iteration":961,"passed_time":6.22489323,"remaining_time":0.2458897534},
{"learn":[0.4407930955],"iteration":962,"passed_time":6.230885617,"remaining_time":0.2394005897},
{"learn":[0.4407807387],"iteration":963,"passed_time":6.236813249,"remaining_time":0.2329100384},
{"learn":[0.4407751029],"iteration":964,"passed_time":6.243455811,"remaining_time":0.2264465838},
{"learn":[0.4407644994],"iteration":965,"passed_time":6.249147557,"remaining_time":0.2199492929},
{"learn":[0.4407574356],"iteration":966,"passed_time":6.255075285,"remaining_time":0.2134617212},
{"learn":[0.4407494536],"iteration":967,"passed_time":6.262074486,"remaining_time":0.2070107268},
{"learn":[0.4407441977],"iteration":968,"passed_time":6.268707901,"remaining_time":0.2005468988},
{"learn":[0.4407364659],"iteration":969,"passed_time":6.274406523,"remaining_time":0.19405381},
{"learn":[0.4407267245],"iteration":970,"passed_time":6.28169828,"remaining_time":0.1876099383},
{"learn":[0.4407236892],"iteration":971,"passed_time":6.288723801,"remaining_time":0.1811566527},
{"learn":[0.4407181748],"iteration":972,"passed_time":6.294141178,"remaining_time":0.1746575661},
{"learn":[0.4407055607],"iteration":973,"passed_time":6.299922915,"remaining_time":0.1681704269},
{"learn":[0.4406991344],"iteration":974,"passed_time":6.306149802,"remaining_time":0.1616961488},
{"learn":[0.4406948001],"iteration":975,"passed_time":6.313087846,"remaining_time":0.1552398651},
{"learn":[0.4406895895],"iteration":976,"passed_time":6.318321045,"remaining_time":0.1487424606},
{"learn":[0.4406822878],"iteration":977,"passed_time":6.324318601,"remaining_time":0.1422648356},
{"learn":[0.4406724066],"iteration":978,"passed_time":6.331224486,"remaining_time":0.1358076754},
{"learn":[0.4406676559],"iteration":979,"passed_time":6.337156557,"remaining_time":0.1293297256},
{"learn":[0.4406585417],"iteration":980,"passed_time":6.344032742,"remaining_time":0.1228711744},
{"learn":[0.4406464589],"iteration":981,"passed_time":6.349667889,"remaining_time":0.1163890244},
{"learn":[0.4406375844],"iteration":982,"passed_time":6.35666912,"remaining_time":0.1099322228},
{"learn":[0.4406323878],"iteration":983,"passed_time":6.362150148,"remaining_time":0.1034495959},
{"learn":[0.4406252426],"iteration":984,"passed_time":6.367892968,"remaining_time":0.09697298936},
{"learn":[0.4406164328],"iteration":985,"passed_time":6.374304542,"remaining_time":0.09050736673},
{"learn":[0.4406111499],"iteration":986,"passed_time":6.380219103,"remaining_time":0.08403530734},
{"learn":[0.4406053198],"iteration":987,"passed_time":6.386469735,"remaining_time":0.07756845832},
{"learn":[0.4405978032],"iteration":988,"passed_time":6.3935257,"remaining_time":0.07111100374},
{"learn":[0.4405903921],"iteration":989,"passed_time":6.399337083,"remaining_time":0.06463976851},
{"learn":[0.4405840534],"iteration":990,"passed_time":6.405555018,"remaining_time":0.05817355717},
{"learn":[0.4405810208],"iteration":991,"passed_time":6.41254563,"remaining_time":0.05171407766},
{"learn":[0.4405716094],"iteration":992,"passed_time":6.418710882,"remaining_time":0.04524771015},
{"learn":[0.4405672609],"iteration":993,"passed_time":6.425402376,"remaining_time":0.03878512501},
{"learn":[0.4405610895],"iteration":994,"passed_time":6.432563536,"remaining_time":0.03232443988},
{"learn":[0.4405555892],"iteration":995,"passed_time":6.43967052,"remaining_time":0.0258621306},
{"learn":[0.4405422166],"iteration":996,"passed_time":6.44678852,"remaining_time":0.01939856125},
{"learn":[0.4405339537],"iteration":997,"passed_time":6.452375474,"remaining_time":0.01293061217},
{"learn":[0.4405246066],"iteration":998,"passed_time":6.457984878,"remaining_time":0.006464449328},
{"learn":[0.4405136205],"iteration":999,"passed_time":6.463730884,"remaining_time":0}
]}